text,congruent,letterColor,correctResponse,reactionTime,participant,group
blue,cong,blue,1,1.076739626,1,L1
blue,incong,green,1,1.216491585,1,L1
green,cong,green,1,1.015886167,1,L1
red,cong,red,1,0.921247538,1,L1
red,incong,green,1,1.156696,1,L1
red,cong,red,1,0.965461124,1,L1
red,incong,blue,1,0.927329701,1,L1
green,cong,green,1,0.571405403,1,L1
blue,incong,red,1,1.585865756,1,L1
blue,cong,blue,1,0.838077957,1,L1
green,incong,blue,1,1.735684571,1,L1
green,incong,red,1,1.50961319,1,L1
green,incong,blue,1,1.608805208,1,L1
blue,incong,green,1,0.991142333,1,L1
green,cong,green,1,0.858446925,1,L1
blue,incong,red,1,1.002052651,1,L1
red,cong,red,1,0.783826764,1,L1
blue,cong,blue,1,0.768414091,1,L1
red,incong,green,1,0.810591645,1,L1
red,cong,red,1,0.850796995,1,L1
blue,cong,blue,1,0.763733379,1,L1
red,incong,blue,1,1.592513827,1,L1
green,cong,green,1,0.630493538,1,L1
green,incong,red,1,1.032660549,1,L1
blue,incong,green,1,1.211880451,1,L1
green,incong,blue,1,1.500920496,1,L1
green,incong,red,1,1.561802123,1,L1
blue,cong,blue,1,1.067680569,1,L1
blue,cong,blue,1,0.635825373,1,L1
red,incong,green,1,0.909228145,1,L1
blue,incong,red,1,1.129892083,1,L1
green,cong,green,1,0.87815413,1,L1
green,cong,green,1,0.513059769,1,L1
red,incong,blue,1,1.46430806,1,L1
red,cong,red,1,3.862101565,1,L1
red,cong,red,1,0.556801952,1,L1
red,cong,red,1,0.490692234,1,L1
blue,cong,blue,1,0.560603539,1,L1
red,incong,green,1,1.072976,1,L1
blue,incong,red,1,0.900966371,1,L1
blue,cong,blue,1,0.740740038,1,L1
red,incong,blue,1,1.385186772,1,L1
green,incong,blue,1,1.599581525,1,L1
red,cong,red,1,0.870797885,1,L1
green,cong,green,1,0.750627029,1,L1
blue,incong,green,1,0.610631333,1,L1
green,cong,green,1,0.571085599,1,L1
green,incong,red,1,0.752365119,1,L1
green,cong,green,1,0.831868026,1,L1
red,cong,red,1,0.638521379,1,L1
blue,cong,blue,1,0.552400038,1,L1
red,incong,blue,1,0.948338529,1,L1
blue,cong,blue,1,0.771849086,1,L1
red,cong,red,1,0.63749211,1,L1
blue,incong,red,1,0.90085,1,L1
green,incong,red,0,0.536082212,1,L1
red,incong,green,1,1.168778484,1,L1
green,cong,green,1,0.691998888,1,L1
blue,incong,green,1,1.085660388,1,L1
green,incong,blue,1,1.148376502,1,L1
green,incong,red,1,0.9945549,2,L1
red,incong,green,0,0.516115318,2,L1
blue,cong,blue,1,0.339966328,2,L1
red,cong,red,1,0.630825242,2,L1
green,incong,blue,1,0.681346559,2,L1
green,cong,green,1,0.64061906,2,L1
blue,cong,blue,1,0.66119728,2,L1
green,cong,green,1,0.658239684,2,L1
red,incong,blue,1,0.790195833,2,L1
blue,incong,green,1,0.869523121,2,L1
red,cong,red,1,0.663840019,2,L1
blue,incong,red,1,0.575054945,2,L1
red,cong,red,1,0.452020243,2,L1
blue,cong,blue,1,0.663015401,2,L1
green,incong,red,1,1.214697133,2,L1
green,cong,green,1,0.671743789,2,L1
blue,incong,red,1,1.044300012,2,L1
green,cong,green,1,0.716255873,2,L1
green,incong,blue,1,0.701089244,2,L1
blue,cong,blue,1,0.573454262,2,L1
red,incong,green,1,0.635323952,2,L1
blue,incong,green,1,1.084727,2,L1
red,cong,red,1,0.626221227,2,L1
red,incong,blue,1,0.632349971,2,L1
red,incong,blue,1,1.006296327,2,L1
green,cong,green,1,0.833568639,2,L1
red,cong,red,1,0.529072643,2,L1
blue,cong,blue,1,0.678029241,2,L1
green,cong,green,1,0.742348584,2,L1
blue,incong,red,1,1.06386378,2,L1
blue,cong,blue,1,0.619022612,2,L1
red,incong,green,1,0.974544658,2,L1
green,incong,red,1,1.606058168,2,L1
blue,incong,green,1,1.045877106,2,L1
red,cong,red,1,0.727438428,2,L1
green,incong,blue,1,1.002376,2,L1
red,cong,red,1,0.784140903,2,L1
red,cong,red,1,0.656347193,2,L1
red,incong,green,1,0.760067677,2,L1
blue,incong,green,1,0.718816609,2,L1
red,incong,blue,1,0.894103655,2,L1
blue,cong,blue,1,0.56829125,2,L1
green,cong,green,1,0.606948059,2,L1
green,incong,red,1,1.177743322,2,L1
blue,incong,red,1,1.089543407,2,L1
green,cong,green,1,0.634160036,2,L1
green,incong,blue,1,1.078549563,2,L1
blue,cong,blue,1,0.737292066,2,L1
blue,cong,blue,1,0.357722759,2,L1
red,incong,green,1,0.724172515,2,L1
red,cong,red,1,0.735723938,2,L1
blue,cong,blue,1,0.855244134,2,L1
green,incong,red,1,1.108174499,2,L1
green,cong,green,1,1.274229908,2,L1
red,cong,red,1,0.773039182,2,L1
red,incong,blue,1,1.030915,2,L1
blue,incong,red,1,0.797949861,2,L1
green,cong,green,1,0.428445193,2,L1
blue,incong,green,0,0.627587679,2,L1
green,incong,blue,1,0.721661096,2,L1
red,incong,green,1,0.787594684,3,L1
blue,cong,blue,1,0.498298022,3,L1
green,incong,blue,1,0.724184973,3,L1
blue,incong,red,1,0.713111597,3,L1
green,cong,green,1,0.51282586,3,L1
red,cong,red,1,0.610584595,3,L1
red,cong,red,1,0.574026199,3,L1
red,incong,blue,1,0.636967572,3,L1
green,cong,green,1,0.562812872,3,L1
green,incong,red,1,1.019595594,3,L1
blue,cong,blue,1,0.732802847,3,L1
blue,incong,green,1,0.9280508,3,L1
red,cong,red,1,0.559609845,3,L1
blue,cong,blue,1,0.815939624,3,L1
blue,incong,green,1,1.259393257,3,L1
green,incong,blue,1,1.40301791,3,L1
red,incong,blue,1,0.640319693,3,L1
blue,incong,red,1,0.553176687,3,L1
blue,cong,blue,1,0.585386251,3,L1
green,incong,red,1,1.587147879,3,L1
green,cong,green,1,0.633096938,3,L1
red,cong,red,1,1.247665303,3,L1
green,cong,green,1,0.847564358,3,L1
red,incong,green,1,0.842542738,3,L1
green,cong,green,1,0.639368179,3,L1
red,incong,green,1,0.484240361,3,L1
red,cong,red,1,0.65187636,3,L1
blue,cong,blue,1,0.820605144,3,L1
green,incong,blue,1,0.875857155,3,L1
blue,incong,green,1,0.769493702,3,L1
blue,incong,red,1,0.9493479,3,L1
green,incong,red,1,0.648034663,3,L1
blue,cong,blue,1,0.651612682,3,L1
green,cong,green,1,1.22731007,3,L1
red,cong,red,1,0.636387459,3,L1
red,incong,blue,1,0.714046987,3,L1
blue,incong,green,1,0.731190821,3,L1
blue,cong,blue,1,0.685552708,3,L1
green,incong,red,1,1.615754931,3,L1
red,incong,green,1,0.717939504,3,L1
green,cong,green,1,0.960647561,3,L1
blue,incong,red,1,0.904885609,3,L1
red,incong,blue,1,0.510575295,3,L1
green,incong,blue,1,0.9282586,3,L1
blue,cong,blue,1,0.563082614,3,L1
red,cong,red,1,1.432192593,3,L1
green,cong,green,1,0.597710259,3,L1
red,cong,red,1,0.660176911,3,L1
blue,cong,blue,1,0.577564925,3,L1
green,cong,green,1,0.53707003,3,L1
blue,incong,red,1,0.893223293,3,L1
red,cong,red,1,1.187375166,3,L1
green,cong,green,1,0.743272117,3,L1
green,incong,red,0,0.695493209,3,L1
blue,cong,blue,1,0.544192666,3,L1
green,incong,blue,0,0.936807595,3,L1
blue,incong,green,1,0.675265463,3,L1
red,incong,blue,1,1.34903856,3,L1
red,incong,green,1,1.544539139,3,L1
red,cong,red,1,1.003329669,3,L1
red,incong,green,0,1.433326209,4,L1
green,incong,blue,1,1.050412077,4,L1
green,cong,green,1,0.886749558,4,L1
blue,incong,red,1,0.556842149,4,L1
blue,incong,green,0,1.076226576,4,L1
blue,cong,blue,1,0.685095239,4,L1
red,cong,red,1,0.961335657,4,L1
green,cong,green,1,0.922236142,4,L1
blue,cong,blue,1,0.784279937,4,L1
green,incong,red,1,1.082587296,4,L1
red,cong,red,1,0.695033524,4,L1
red,incong,blue,1,0.8983661,4,L1
red,cong,red,1,1.098239607,4,L1
blue,incong,red,1,0.647500124,4,L1
green,cong,green,1,0.689418651,4,L1
red,incong,green,1,1.255075579,4,L1
blue,cong,blue,1,1.250932107,4,L1
blue,incong,green,1,1.356217057,4,L1
red,incong,blue,1,1.078349298,4,L1
green,cong,green,1,0.864625408,4,L1
green,incong,red,1,1.678267721,4,L1
green,incong,blue,1,1.095680636,4,L1
red,cong,red,1,1.028853756,4,L1
blue,cong,blue,1,0.789156039,4,L1
blue,incong,green,1,0.81087542,4,L1
blue,cong,blue,1,1.000470339,4,L1
green,incong,blue,1,1.493113862,4,L1
blue,incong,red,1,1.397760661,4,L1
green,cong,green,1,1.099571152,4,L1
red,incong,green,1,0.891073423,4,L1
green,cong,green,1,0.829302759,4,L1
red,cong,red,1,1.949870564,4,L1
red,cong,red,1,0.797286017,4,L1
blue,cong,blue,1,0.789490065,4,L1
red,incong,blue,1,1.360064117,4,L1
green,incong,red,1,0.894009025,4,L1
green,cong,green,1,0.674580992,4,L1
green,incong,blue,1,0.777318113,4,L1
red,incong,green,1,0.90423972,4,L1
red,cong,red,1,0.608727996,4,L1
blue,cong,blue,1,0.641076698,4,L1
blue,incong,green,1,0.887721737,4,L1
red,incong,blue,1,0.964534204,4,L1
green,cong,green,1,0.712563072,4,L1
blue,incong,red,1,0.634686313,4,L1
green,incong,red,1,0.835078733,4,L1
red,cong,red,1,0.826408909,4,L1
blue,cong,blue,1,0.997899631,4,L1
blue,incong,red,1,0.864988646,4,L1
red,cong,red,1,0.797234156,4,L1
red,cong,red,1,0.791249371,4,L1
blue,cong,blue,1,0.737043246,4,L1
green,incong,blue,1,0.908005038,4,L1
green,incong,red,1,0.718620796,4,L1
red,incong,green,1,0.8311811,4,L1
red,incong,blue,1,1.195876817,4,L1
blue,incong,green,1,1.368277679,4,L1
green,cong,green,0,6.108736623,4,L1
blue,cong,blue,0,1.110732167,4,L1
green,cong,green,1,1.087220152,4,L1
blue,cong,blue,1,1.649158821,5,L1
green,incong,red,1,1.389376087,5,L1
red,incong,green,1,1.480258003,5,L1
red,cong,red,1,1.41983373,5,L1
blue,cong,blue,1,1.126416087,5,L1
green,cong,green,1,0.842991196,5,L1
green,incong,blue,1,1.392565518,5,L1
blue,incong,green,1,1.4581059,5,L1
green,cong,green,1,1.062395139,5,L1
red,cong,red,1,1.182616392,5,L1
red,incong,blue,1,1.064763726,5,L1
blue,incong,red,1,1.572783304,5,L1
green,incong,red,1,1.085731559,5,L1
red,cong,red,1,1.212136223,5,L1
red,cong,red,1,0.638792621,5,L1
blue,incong,green,1,1.402728819,5,L1
green,cong,green,1,0.605397531,5,L1
blue,cong,blue,1,0.697994499,5,L1
blue,cong,blue,1,0.571228771,5,L1
green,incong,blue,1,1.060075346,5,L1
red,incong,blue,1,1.067097,5,L1
green,cong,green,1,0.785278359,5,L1
red,incong,green,1,0.647454009,5,L1
blue,incong,red,1,0.728450553,5,L1
red,cong,red,1,0.674914025,5,L1
blue,incong,green,1,0.932984111,5,L1
red,incong,green,1,0.673414135,5,L1
red,cong,red,1,0.871763462,5,L1
blue,incong,red,1,1.317139663,5,L1
blue,cong,blue,1,1.183149083,5,L1
green,cong,green,1,1.489322147,5,L1
red,incong,blue,1,0.996677059,5,L1
green,incong,blue,1,1.023408601,5,L1
blue,cong,blue,1,0.859885769,5,L1
green,incong,red,1,1.08121024,5,L1
green,cong,green,1,1.096326972,5,L1
green,incong,red,0,1.00216067,5,L1
red,incong,blue,1,1.060963824,5,L1
blue,incong,green,1,0.925454159,5,L1
red,cong,red,1,0.892460495,5,L1
blue,cong,blue,1,1.138983278,5,L1
green,incong,blue,1,1.075155655,5,L1
green,cong,green,1,0.928017053,5,L1
blue,incong,red,1,1.014712921,5,L1
green,cong,green,1,0.963074259,5,L1
red,incong,green,1,1.0453747,5,L1
red,cong,red,1,1.042347152,5,L1
blue,cong,blue,1,1.005381949,5,L1
blue,cong,blue,1,0.757790387,5,L1
red,cong,red,1,1.035410779,5,L1
red,cong,red,1,0.890341106,5,L1
green,incong,red,1,0.961468017,5,L1
blue,incong,red,1,0.84649617,5,L1
green,cong,green,1,0.935799364,5,L1
red,incong,blue,1,1.106716332,5,L1
blue,cong,blue,1,0.495554024,5,L1
blue,incong,green,1,0.817890127,5,L1
green,incong,blue,1,1.158516564,5,L1
red,incong,green,1,1.093455677,5,L1
green,cong,green,1,0.508773185,5,L1
blue,incong,green,1,0.845948452,6,L1
red,cong,red,1,0.612912073,6,L1
green,incong,red,0,0.637092378,6,L1
red,incong,blue,1,0.614459727,6,L1
red,cong,red,1,0.857071082,6,L1
red,incong,green,1,0.559144055,6,L1
blue,cong,blue,1,0.623757182,6,L1
blue,incong,red,1,0.815275818,6,L1
green,cong,green,1,0.526392536,6,L1
green,incong,blue,1,0.819802351,6,L1
green,cong,green,1,0.687436742,6,L1
blue,cong,blue,1,0.640654645,6,L1
green,cong,green,1,0.514100743,6,L1
blue,incong,red,1,0.8470427,6,L1
red,cong,red,1,0.465269789,6,L1
blue,cong,blue,1,0.680274006,6,L1
green,cong,green,1,0.470155794,6,L1
red,incong,green,1,1.151542902,6,L1
blue,cong,blue,1,0.562633095,6,L1
blue,incong,green,1,0.785507327,6,L1
red,cong,red,1,0.509941617,6,L1
green,incong,blue,1,1.06916956,6,L1
red,incong,blue,1,0.617781467,6,L1
green,incong,red,1,0.698241331,6,L1
green,cong,green,1,0.60050625,6,L1
red,cong,red,1,0.904749312,6,L1
red,incong,blue,1,0.611656358,6,L1
green,cong,green,1,0.793559571,6,L1
blue,cong,blue,1,0.469764928,6,L1
green,incong,red,1,0.698077715,6,L1
red,incong,green,1,0.906722293,6,L1
blue,cong,blue,1,0.605587845,6,L1
blue,incong,red,1,0.941920383,6,L1
red,cong,red,1,0.49005875,6,L1
blue,incong,green,1,0.698740492,6,L1
green,incong,blue,1,0.729756852,6,L1
blue,cong,blue,1,0.70975475,6,L1
green,cong,green,1,0.693498389,6,L1
blue,incong,green,0,0.520023685,6,L1
green,incong,red,1,0.756100581,6,L1
green,cong,green,1,0.750311788,6,L1
blue,incong,red,1,0.986629605,6,L1
red,incong,green,1,0.78294658,6,L1
red,incong,blue,1,0.443698452,6,L1
red,cong,red,1,0.880933635,6,L1
red,cong,red,1,0.545850043,6,L1
green,incong,blue,1,0.768293516,6,L1
blue,cong,blue,1,0.570691032,6,L1
red,incong,green,1,0.9057555,6,L1
red,cong,red,1,0.589270489,6,L1
green,incong,red,1,0.817686467,6,L1
red,incong,blue,1,0.70643131,6,L1
green,incong,blue,1,1.015819,6,L1
blue,incong,red,1,0.595522812,6,L1
red,cong,red,0,0.597396144,6,L1
green,cong,green,1,0.692766667,6,L1
blue,incong,green,1,0.738795456,6,L1
green,cong,green,1,0.732049891,6,L1
blue,cong,blue,1,0.582242145,6,L1
blue,cong,blue,1,0.704533498,6,L1
red,incong,green,0,0.907560332,7,L1
red,incong,blue,1,0.86020334,7,L1
red,cong,red,1,1.064825882,7,L1
green,cong,green,1,0.843031406,7,L1
green,incong,blue,1,1.155211514,7,L1
blue,incong,red,1,0.882303358,7,L1
blue,cong,blue,1,1.190562321,7,L1
red,cong,red,1,0.904944846,7,L1
blue,incong,green,1,1.031390443,7,L1
green,cong,green,1,0.883061173,7,L1
green,incong,red,1,0.8798537,7,L1
blue,cong,blue,1,1.224102673,7,L1
blue,incong,green,1,1.107492339,7,L1
red,cong,red,1,0.923630415,7,L1
red,incong,green,0,1.224740578,7,L1
red,cong,red,1,0.797931121,7,L1
blue,cong,blue,1,0.885778081,7,L1
red,incong,blue,1,1.311303145,7,L1
blue,incong,red,1,1.044959167,7,L1
blue,cong,blue,1,0.941762063,7,L1
green,cong,green,1,0.662969651,7,L1
green,incong,blue,1,1.918924309,7,L1
green,incong,red,1,1.076937527,7,L1
green,cong,green,1,1.267074652,7,L1
red,cong,red,1,1.114734252,7,L1
green,cong,green,1,1.101159256,7,L1
red,incong,green,1,0.991949694,7,L1
red,incong,blue,1,0.877863679,7,L1
blue,incong,red,1,0.933531303,7,L1
green,cong,green,1,1.128979958,7,L1
green,incong,blue,1,1.149608368,7,L1
blue,cong,blue,1,0.933707372,7,L1
green,incong,red,1,1.187655016,7,L1
blue,cong,blue,1,0.925128711,7,L1
red,cong,red,1,1.346458042,7,L1
blue,incong,green,1,2.133479896,7,L1
red,cong,red,1,0.98472868,7,L1
green,cong,green,1,2.373166964,7,L1
blue,cong,blue,1,0.664952936,7,L1
green,incong,red,1,1.312293388,7,L1
red,incong,green,1,1.076875494,7,L1
red,cong,red,1,0.871576091,7,L1
blue,incong,green,1,0.845387915,7,L1
red,incong,blue,1,0.686069214,7,L1
blue,incong,red,1,0.64154769,7,L1
green,cong,green,1,0.715045755,7,L1
green,incong,blue,1,1.072430299,7,L1
blue,cong,blue,1,0.698319204,7,L1
blue,cong,blue,1,0.633053725,7,L1
green,cong,green,1,0.662887666,7,L1
red,cong,red,1,0.600461417,7,L1
green,cong,green,1,0.754860259,7,L1
red,incong,green,1,1.060058,7,L1
red,cong,red,1,0.670530827,7,L1
green,incong,blue,1,1.049626768,7,L1
blue,cong,blue,1,0.617730833,7,L1
green,incong,red,1,0.877205216,7,L1
blue,incong,red,1,0.716827089,7,L1
red,incong,blue,1,0.831263411,7,L1
blue,incong,green,1,0.716667663,7,L1
green,incong,red,1,0.708925118,8,L1
green,cong,green,1,0.599831536,8,L1
green,incong,blue,1,0.37370671,8,L1
red,cong,red,1,0.593921442,8,L1
blue,cong,blue,1,0.639822904,8,L1
red,incong,blue,1,0.521774622,8,L1
blue,cong,blue,1,0.580754573,8,L1
green,cong,green,1,0.540769229,8,L1
red,incong,green,1,0.480580973,8,L1
red,cong,red,1,0.553079702,8,L1
blue,incong,red,1,0.485218548,8,L1
blue,incong,green,1,0.684200557,8,L1
green,incong,blue,1,0.673307385,8,L1
red,cong,red,1,0.749293516,8,L1
blue,cong,blue,1,0.627016176,8,L1
red,incong,green,1,0.779012751,8,L1
blue,incong,red,1,0.757575371,8,L1
red,cong,red,1,0.571682932,8,L1
red,incong,blue,1,0.804440344,8,L1
green,incong,red,1,0.756034989,8,L1
green,cong,green,1,0.927430895,8,L1
blue,incong,green,1,0.688326504,8,L1
green,cong,green,1,0.572961589,8,L1
blue,cong,blue,1,0.524755287,8,L1
blue,cong,blue,1,0.565013762,8,L1
green,incong,red,1,0.421968215,8,L1
red,incong,green,1,0.572790423,8,L1
red,cong,red,1,0.564965687,8,L1
blue,incong,green,1,0.799922976,8,L1
red,cong,red,1,0.561513141,8,L1
green,cong,green,1,0.690867604,8,L1
red,incong,blue,1,0.543217936,8,L1
blue,cong,blue,1,1.104069841,8,L1
blue,incong,red,1,0.612656023,8,L1
green,cong,green,1,0.660578065,8,L1
green,incong,blue,1,1.112646242,8,L1
red,incong,blue,1,0.810078647,8,L1
red,incong,green,1,0.795610261,8,L1
green,incong,blue,1,1.074407066,8,L1
green,cong,green,0,0.56455893,8,L1
blue,cong,blue,1,1.40129107,8,L1
blue,incong,red,1,0.693752787,8,L1
red,cong,red,0,1.275145599,8,L1
green,incong,red,1,0.625717283,8,L1
red,cong,red,1,0.446426039,8,L1
green,cong,green,1,0.573379099,8,L1
blue,incong,green,1,0.645464489,8,L1
blue,cong,blue,1,0.603144199,8,L1
red,cong,red,1,0.627965684,8,L1
green,cong,green,1,0.632293216,8,L1
blue,incong,red,1,0.585356865,8,L1
blue,incong,green,1,1.278893267,8,L1
red,cong,red,1,0.942397923,8,L1
blue,cong,blue,1,0.524228573,8,L1
red,incong,green,1,0.814760114,8,L1
blue,cong,blue,1,0.536626464,8,L1
green,cong,green,1,0.735965083,8,L1
red,incong,blue,1,1.021009,8,L1
green,incong,red,1,0.549072153,8,L1
green,incong,blue,1,1.206722218,8,L1
green,cong,green,1,2.060593805,9,L1
green,incong,red,1,1.572438889,9,L1
blue,cong,blue,1,1.837102095,9,L1
red,incong,blue,1,1.461437554,9,L1
red,cong,red,1,1.223607672,9,L1
blue,incong,red,1,1.09691472,9,L1
blue,cong,blue,1,1.565761011,9,L1
red,cong,red,1,1.04384093,9,L1
green,incong,blue,1,1.415568223,9,L1
green,cong,green,1,1.477571334,9,L1
red,incong,green,1,1.184396168,9,L1
blue,incong,green,1,1.474089923,9,L1
blue,cong,blue,1,1.897407777,9,L1
red,cong,red,1,1.202804801,9,L1
green,cong,green,1,0.899474386,9,L1
red,incong,green,1,0.887637895,9,L1
green,cong,green,1,1.001864941,9,L1
blue,incong,green,1,1.08178886,9,L1
red,cong,red,1,0.794877869,9,L1
blue,cong,blue,1,0.814870752,9,L1
green,incong,red,1,1.351135687,9,L1
blue,incong,red,1,0.990145148,9,L1
red,incong,blue,1,1.538185591,9,L1
green,incong,blue,1,0.863871985,9,L1
green,incong,red,1,1.397212996,9,L1
green,incong,blue,1,1.704949706,9,L1
red,cong,red,1,1.220215116,9,L1
red,incong,blue,1,0.857357526,9,L1
red,incong,green,1,0.706065991,9,L1
blue,incong,green,1,0.872047554,9,L1
green,cong,green,1,1.00939123,9,L1
blue,cong,blue,1,0.872667323,9,L1
blue,incong,red,1,0.833185317,9,L1
blue,cong,blue,1,1.316195792,9,L1
green,cong,green,1,1.019595016,9,L1
red,cong,red,1,1.630072852,9,L1
red,incong,blue,1,1.20453942,9,L1
green,cong,green,1,0.90820572,9,L1
blue,cong,blue,1,1.360725831,9,L1
green,cong,green,1,1.585883453,9,L1
blue,incong,green,1,1.369196863,9,L1
red,cong,red,1,1.838364566,9,L1
green,incong,red,1,1.405623147,9,L1
green,incong,blue,1,1.305400724,9,L1
blue,incong,red,1,1.977197197,9,L1
red,cong,red,1,1.183052553,9,L1
blue,cong,blue,1,1.227666002,9,L1
red,incong,green,1,1.474373112,9,L1
green,incong,red,1,0.461829715,9,L1
blue,incong,green,1,4.398028134,9,L1
blue,cong,blue,1,0.795821074,9,L1
red,incong,blue,1,0.835251747,9,L1
blue,incong,red,1,1.468478538,9,L1
green,cong,green,1,1.190726998,9,L1
red,cong,red,1,1.304012832,9,L1
green,incong,blue,1,1.192983314,9,L1
red,incong,green,1,1.071261199,9,L1
green,cong,green,1,0.943098215,9,L1
blue,cong,blue,1,1.085282374,9,L1
red,cong,red,1,1.00025241,9,L1
blue,incong,red,1,1.812772584,10,L1
red,cong,red,1,2.336497467,10,L1
green,cong,green,1,4.474728245,10,L1
blue,cong,blue,1,1.396491009,10,L1
green,cong,green,1,1.140921831,10,L1
red,incong,green,1,0.874045002,10,L1
blue,cong,blue,1,1.027642511,10,L1
green,incong,blue,1,1.954755211,10,L1
red,incong,blue,1,1.905837742,10,L1
green,incong,red,1,0.96375593,10,L1
blue,incong,green,1,1.261228837,10,L1
red,cong,red,1,0.996914104,10,L1
green,incong,blue,1,1.976131306,10,L1
red,cong,red,1,0.981380601,10,L1
blue,incong,green,0,1.140176078,10,L1
green,incong,red,1,1.376876964,10,L1
blue,cong,blue,1,0.943680476,10,L1
blue,incong,red,1,1.221852099,10,L1
blue,cong,blue,1,2.196108999,10,L1
red,cong,red,1,0.986630447,10,L1
red,incong,blue,1,1.247441821,10,L1
green,cong,green,1,0.702028732,10,L1
red,incong,green,1,0.816866102,10,L1
green,cong,green,1,0.483697948,10,L1
green,incong,blue,1,0.867625432,10,L1
blue,incong,red,1,1.142066806,10,L1
blue,cong,blue,1,0.943463971,10,L1
green,cong,green,1,0.745038291,10,L1
red,incong,green,1,0.770058835,10,L1
green,incong,red,1,1.168287094,10,L1
blue,incong,green,1,0.905586163,10,L1
red,cong,red,1,1.019395567,10,L1
green,cong,green,1,1.202668298,10,L1
blue,cong,blue,1,0.912157401,10,L1
red,cong,red,1,0.878005931,10,L1
red,incong,blue,1,1.289485122,10,L1
blue,incong,red,1,1.905118573,10,L1
red,incong,blue,1,1.475457845,10,L1
green,incong,red,0,0.925075794,10,L1
green,cong,green,1,0.867359086,10,L1
red,incong,green,1,0.798221055,10,L1
green,cong,green,1,0.569435753,10,L1
blue,cong,blue,1,1.344349497,10,L1
blue,incong,green,1,0.904168428,10,L1
red,cong,red,1,0.784921584,10,L1
blue,cong,blue,1,0.844360707,10,L1
red,cong,red,1,0.931664404,10,L1
green,incong,blue,0,1.743983208,10,L1
blue,cong,blue,1,0.954950749,10,L1
red,cong,red,1,0.709582117,10,L1
green,cong,green,1,0.855918794,10,L1
green,incong,blue,1,0.943695055,10,L1
blue,incong,green,1,1.323352668,10,L1
red,incong,blue,1,1.062128637,10,L1
red,incong,green,1,1.001853184,10,L1
green,incong,red,1,0.720508387,10,L1
blue,incong,red,1,1.602416622,10,L1
green,cong,green,1,1.300083525,10,L1
blue,cong,blue,1,0.703255293,10,L1
red,cong,red,1,0.728248064,10,L1
blue,cong,blue,1,1.105051963,11,L1
blue,incong,green,1,1.237029988,11,L1
green,cong,green,1,0.921048314,11,L1
red,cong,red,1,0.924760278,11,L1
red,incong,green,1,0.819202348,11,L1
red,cong,red,1,1.251859302,11,L1
red,incong,blue,1,1.071389093,11,L1
green,cong,green,1,0.457759565,11,L1
blue,incong,red,1,1.684311338,11,L1
blue,cong,blue,1,0.838167183,11,L1
green,incong,blue,1,1.985388674,11,L1
green,incong,red,1,1.508096238,11,L1
green,incong,blue,1,1.63319611,11,L1
blue,incong,green,1,1.115112851,11,L1
green,cong,green,1,0.843628039,11,L1
blue,incong,red,1,0.998350061,11,L1
red,cong,red,1,0.878261324,11,L1
blue,cong,blue,1,0.699560647,11,L1
red,incong,green,1,0.758826445,11,L1
red,cong,red,1,0.871403709,11,L1
blue,cong,blue,1,0.959831957,11,L1
red,incong,blue,1,1.511113997,11,L1
green,cong,green,1,0.699859435,11,L1
green,incong,red,1,1.205732584,11,L1
blue,incong,green,1,1.366861289,11,L1
green,incong,blue,1,1.492266319,11,L1
green,incong,red,1,1.743597906,11,L1
blue,cong,blue,1,1.176073353,11,L1
blue,cong,blue,1,0.7438119,11,L1
red,incong,green,1,1.055133647,11,L1
blue,incong,red,1,1.256568423,11,L1
green,cong,green,1,1.049736514,11,L1
green,cong,green,1,0.761763362,11,L1
red,incong,blue,1,1.452657085,11,L1
red,cong,red,1,1.791917054,11,L1
red,cong,red,1,0.551397521,11,L1
red,cong,red,1,0.549395331,11,L1
blue,cong,blue,1,0.683764113,11,L1
red,incong,green,0,0.816101545,11,L1
blue,incong,red,1,1.168791528,11,L1
blue,cong,blue,1,0.835900432,11,L1
red,incong,blue,1,1.200537246,11,L1
green,incong,blue,1,1.603436091,11,L1
red,cong,red,1,0.938837795,11,L1
green,cong,green,1,0.988899827,11,L1
blue,incong,green,1,0.737997823,11,L1
green,cong,green,1,0.595451628,11,L1
green,incong,red,1,0.9308811,11,L1
green,cong,green,1,0.81040635,11,L1
red,cong,red,1,0.700310154,11,L1
blue,cong,blue,1,0.655873255,11,L1
red,incong,blue,1,0.891640905,11,L1
blue,cong,blue,1,0.789825453,11,L1
red,cong,red,1,0.86084093,11,L1
blue,incong,red,1,0.883658219,11,L1
green,incong,red,0,0.628312939,11,L1
red,incong,green,1,1.13215854,11,L1
green,cong,green,1,0.699642928,11,L1
blue,incong,green,1,1.344185405,11,L1
green,incong,blue,1,1.096925819,11,L1
green,incong,red,1,1.030487132,12,L1
red,incong,green,1,0.496877057,12,L1
blue,cong,blue,1,0.616487321,12,L1
red,cong,red,1,0.863213166,12,L1
green,incong,blue,1,0.9359443,12,L1
green,cong,green,1,0.426558536,12,L1
blue,cong,blue,1,0.729608321,12,L1
green,cong,green,1,0.701840837,12,L1
red,incong,blue,1,0.908353569,12,L1
blue,incong,green,1,0.974300402,12,L1
red,cong,red,1,0.606528917,12,L1
blue,incong,red,1,0.8805477,12,L1
red,cong,red,1,0.749571452,12,L1
blue,cong,blue,1,0.706022882,12,L1
green,incong,red,1,1.367743638,12,L1
green,cong,green,1,0.778013214,12,L1
blue,incong,red,1,1.057921949,12,L1
green,cong,green,1,0.881949329,12,L1
green,incong,blue,1,0.788191823,12,L1
blue,cong,blue,1,0.750081679,12,L1
red,incong,green,1,0.697438663,12,L1
blue,incong,green,1,0.681472668,12,L1
red,cong,red,1,0.990924527,12,L1
red,incong,blue,1,0.670759522,12,L1
red,incong,blue,1,1.19719419,12,L1
green,cong,green,1,0.599730174,12,L1
red,cong,red,1,0.611332122,12,L1
blue,cong,blue,0,0.585094345,12,L1
green,cong,green,1,0.685426641,12,L1
blue,incong,red,1,1.030178229,12,L1
blue,cong,blue,0,0.498789733,12,L1
red,incong,green,1,1.053096362,12,L1
green,incong,red,1,1.603385725,12,L1
blue,incong,green,1,1.293778357,12,L1
red,cong,red,1,0.656434915,12,L1
green,incong,blue,1,0.90613331,12,L1
red,cong,red,1,1.07800907,12,L1
red,cong,red,1,0.611256483,12,L1
red,incong,green,1,0.786958871,12,L1
blue,incong,green,1,0.755035872,12,L1
red,incong,blue,1,0.989881681,12,L1
blue,cong,blue,1,0.540777349,12,L1
green,cong,green,1,0.671402955,12,L1
green,incong,red,1,1.285809399,12,L1
blue,incong,red,1,1.21996961,12,L1
green,cong,green,1,0.716407373,12,L1
green,incong,blue,1,0.994447754,12,L1
blue,cong,blue,1,0.578065534,12,L1
blue,cong,blue,1,0.619479237,12,L1
red,incong,green,1,0.740208187,12,L1
red,cong,red,1,0.687544207,12,L1
blue,cong,blue,1,1.011183649,12,L1
green,incong,red,1,1.307940863,12,L1
green,cong,green,1,1.506581399,12,L1
red,cong,red,1,1.017997797,12,L1
red,incong,blue,1,0.8939223,12,L1
blue,incong,red,1,0.826248592,12,L1
green,cong,green,1,0.676493959,12,L1
blue,incong,green,0,0.666724447,12,L1
green,incong,blue,1,0.720169432,12,L1
red,incong,green,1,0.887411565,13,L1
blue,cong,blue,1,0.606571691,13,L1
green,incong,blue,1,0.901542803,13,L1
blue,incong,red,1,0.878793,13,L1
green,cong,green,1,0.699436237,13,L1
red,cong,red,1,0.641520719,13,L1
red,cong,red,1,0.54680148,13,L1
red,incong,blue,1,0.649234303,13,L1
green,cong,green,1,0.7593195,13,L1
green,incong,red,1,1.16541747,13,L1
blue,cong,blue,1,0.659266369,13,L1
blue,incong,green,0,0.696399979,13,L1
red,cong,red,1,0.689565481,13,L1
blue,cong,blue,1,1.175266684,13,L1
blue,incong,green,1,1.449839942,13,L1
green,incong,blue,1,1.565057708,13,L1
red,incong,blue,1,0.715310176,13,L1
blue,incong,red,1,0.698893123,13,L1
blue,cong,blue,1,0.68220689,13,L1
green,incong,red,1,1.817971283,13,L1
green,cong,green,1,0.7319891,13,L1
red,cong,red,1,1.523012273,13,L1
green,cong,green,1,0.652998782,13,L1
red,incong,green,1,0.895560652,13,L1
green,cong,green,1,0.717302874,13,L1
red,incong,green,1,0.467705305,13,L1
red,cong,red,1,0.731686611,13,L1
blue,cong,blue,1,0.887637159,13,L1
green,incong,blue,1,1.001472352,13,L1
blue,incong,green,1,0.549486733,13,L1
blue,incong,red,1,0.623022098,13,L1
green,incong,red,1,1.087713,13,L1
blue,cong,blue,1,0.727655434,13,L1
green,cong,green,1,1.425686664,13,L1
red,cong,red,1,0.565757254,13,L1
red,incong,blue,1,0.787333093,13,L1
blue,incong,green,1,0.938798071,13,L1
blue,cong,blue,1,0.773215972,13,L1
green,incong,red,1,1.764331619,13,L1
red,incong,green,1,0.865617901,13,L1
green,cong,green,1,5.99811868,13,L1
blue,incong,red,1,0.87760877,13,L1
red,incong,blue,1,1.116305,13,L1
green,incong,blue,1,0.653102255,13,L1
blue,cong,blue,1,0.547338604,13,L1
red,cong,red,1,1.701435988,13,L1
green,cong,green,1,0.734026868,13,L1
red,cong,red,1,0.73221478,13,L1
blue,cong,blue,1,0.605219566,13,L1
green,cong,green,1,0.631960171,13,L1
blue,incong,red,1,0.794863701,13,L1
red,cong,red,1,1.323065906,13,L1
green,cong,green,1,0.678087569,13,L1
green,incong,red,0,0.756565455,13,L1
blue,cong,blue,1,0.462931744,13,L1
green,incong,blue,0,1.017369182,13,L1
blue,incong,green,1,0.713793393,13,L1
red,incong,blue,1,1.456570745,13,L1
red,incong,green,1,1.562555702,13,L1
red,cong,red,1,1.161351441,13,L1
red,incong,green,0,1.208153679,14,L1
green,incong,blue,1,1.040506942,14,L1
green,cong,green,1,0.920407898,14,L1
blue,incong,red,1,0.576769521,14,L1
blue,incong,green,0,1.325123364,14,L1
blue,cong,blue,1,0.917894474,14,L1
red,cong,red,1,1.037128405,14,L1
green,cong,green,1,0.872044641,14,L1
blue,cong,blue,1,0.758072974,14,L1
green,incong,red,1,1.29736356,14,L1
red,cong,red,1,0.74516413,14,L1
red,incong,blue,1,1.003557044,14,L1
red,cong,red,1,1.176025941,14,L1
blue,incong,red,1,0.710613203,14,L1
green,cong,green,1,0.51436598,14,L1
red,incong,green,1,1.472917953,14,L1
blue,cong,blue,1,1.247830664,14,L1
blue,incong,green,1,1.054685388,14,L1
red,incong,blue,1,1.089578324,14,L1
green,cong,green,1,1.127935994,14,L1
green,incong,red,1,1.739278111,14,L1
green,incong,blue,1,1.104334997,14,L1
red,cong,red,1,0.902720072,14,L1
blue,cong,blue,1,1.160601028,14,L1
blue,incong,green,1,0.788175772,14,L1
blue,cong,blue,1,0.792916778,14,L1
green,incong,blue,1,1.451997818,14,L1
blue,incong,red,1,1.420532422,14,L1
green,cong,green,1,1.146975171,14,L1
red,incong,green,1,0.69395477,14,L1
green,cong,green,1,0.828881528,14,L1
red,cong,red,1,1.982292947,14,L1
red,cong,red,1,0.842178748,14,L1
blue,cong,blue,1,0.777387335,14,L1
red,incong,blue,1,1.414318347,14,L1
green,incong,red,1,0.770968512,14,L1
green,cong,green,1,0.745624368,14,L1
green,incong,blue,1,1.037897956,14,L1
red,incong,green,1,0.875997913,14,L1
red,cong,red,1,0.641256323,14,L1
blue,cong,blue,1,0.617330398,14,L1
blue,incong,green,1,0.926410839,14,L1
red,incong,blue,1,1.031617965,14,L1
green,cong,green,1,0.897640862,14,L1
blue,incong,red,1,0.828487462,14,L1
green,incong,red,1,1.14306143,14,L1
red,cong,red,1,1.062286073,14,L1
blue,cong,blue,1,0.904348204,14,L1
blue,incong,red,1,1.10804069,14,L1
red,cong,red,1,0.825259241,14,L1
red,cong,red,1,0.985655411,14,L1
blue,cong,blue,1,0.712708446,14,L1
green,incong,blue,1,1.011643726,14,L1
green,incong,red,1,0.782980281,14,L1
red,incong,green,1,1.02868,14,L1
red,incong,blue,1,1.332029247,14,L1
blue,incong,green,1,1.486161698,14,L1
green,cong,green,0,1.095733849,14,L1
blue,cong,blue,0,0.934381681,14,L1
green,cong,green,1,1.23603503,14,L1
blue,cong,blue,1,1.690570574,15,L1
green,incong,red,1,1.534842082,15,L1
red,incong,green,1,1.449479582,15,L1
red,cong,red,1,1.393658729,15,L1
blue,cong,blue,1,1.000784036,15,L1
green,cong,green,1,0.942958793,15,L1
green,incong,blue,1,1.197513669,15,L1
blue,incong,green,1,1.534519291,15,L1
green,cong,green,1,0.993109469,15,L1
red,cong,red,1,1.398136211,15,L1
red,incong,blue,1,1.158894878,15,L1
blue,incong,red,1,1.634248726,15,L1
green,incong,red,1,1.244513629,15,L1
red,cong,red,1,1.283117338,15,L1
red,cong,red,1,0.544090167,15,L1
blue,incong,green,1,1.655334979,15,L1
green,cong,green,1,0.581036028,15,L1
blue,cong,blue,1,0.60468307,15,L1
blue,cong,blue,1,0.730319784,15,L1
green,incong,blue,1,0.928198141,15,L1
red,incong,blue,1,0.640920394,15,L1
green,cong,green,1,0.811635593,15,L1
red,incong,green,1,0.845440959,15,L1
blue,incong,red,1,0.673024821,15,L1
red,cong,red,1,0.78022739,15,L1
blue,incong,green,1,0.980179268,15,L1
red,incong,green,1,0.638696575,15,L1
red,cong,red,1,0.999714067,15,L1
blue,incong,red,1,1.157092494,15,L1
blue,cong,blue,1,1.129799324,15,L1
green,cong,green,1,1.559580835,15,L1
red,incong,blue,1,1.133923333,15,L1
green,incong,blue,1,0.96701388,15,L1
blue,cong,blue,1,0.996237458,15,L1
green,incong,red,1,1.145626461,15,L1
green,cong,green,1,1.02356236,15,L1
green,incong,red,0,1.100852524,15,L1
red,incong,blue,1,1.125899463,15,L1
blue,incong,green,1,0.812179812,15,L1
red,cong,red,1,0.882346522,15,L1
blue,cong,blue,1,1.298557542,15,L1
green,incong,blue,1,1.082987519,15,L1
green,cong,green,1,0.981407135,15,L1
blue,incong,red,1,1.052750916,15,L1
green,cong,green,1,0.992181429,15,L1
red,incong,green,1,1.10285576,15,L1
red,cong,red,1,1.179659817,15,L1
blue,cong,blue,1,1.266159608,15,L1
blue,cong,blue,1,0.862975628,15,L1
red,cong,red,1,0.937799636,15,L1
red,cong,red,1,4.105500418,15,L1
green,incong,red,1,0.982201934,15,L1
blue,incong,red,1,1.066507297,15,L1
green,cong,green,1,0.971374895,15,L1
red,incong,blue,1,1.164163272,15,L1
blue,cong,blue,1,0.614474056,15,L1
blue,incong,green,1,0.701286146,15,L1
green,incong,blue,1,1.109953803,15,L1
red,incong,green,1,1.193409195,15,L1
green,cong,green,1,0.469684492,15,L1
blue,incong,green,1,0.775540573,16,L1
red,cong,red,1,0.571462365,16,L1
green,incong,red,0,0.58718946,16,L1
red,incong,blue,1,0.56833638,16,L1
red,cong,red,1,0.825214339,16,L1
red,incong,green,1,0.612003696,16,L1
blue,cong,blue,1,0.601814704,16,L1
blue,incong,red,1,0.841159597,16,L1
green,cong,green,1,0.708062073,16,L1
green,incong,blue,1,0.837633783,16,L1
green,cong,green,1,0.899757413,16,L1
blue,cong,blue,1,0.434381006,16,L1
green,cong,green,1,0.443223021,16,L1
blue,incong,red,1,0.371885178,16,L1
red,cong,red,1,0.632857615,16,L1
blue,cong,blue,1,0.574119342,16,L1
green,cong,green,1,0.542455076,16,L1
red,incong,green,1,1.269986901,16,L1
blue,cong,blue,1,0.440689936,16,L1
blue,incong,green,1,0.741331896,16,L1
red,cong,red,1,0.495850063,16,L1
green,incong,blue,1,0.901702325,16,L1
red,incong,blue,1,0.783523107,16,L1
green,incong,red,1,0.923463258,16,L1
green,cong,green,1,0.582931138,16,L1
red,cong,red,1,0.940390416,16,L1
red,incong,blue,1,0.800815983,16,L1
green,cong,green,1,0.985973487,16,L1
blue,cong,blue,1,0.840100468,16,L1
green,incong,red,1,0.871267945,16,L1
red,incong,green,1,0.93355793,16,L1
blue,cong,blue,1,0.599939399,16,L1
blue,incong,red,1,1.010365352,16,L1
red,cong,red,1,0.682282783,16,L1
blue,incong,green,1,0.834501467,16,L1
green,incong,blue,1,1.090229578,16,L1
blue,cong,blue,1,0.785149499,16,L1
green,cong,green,1,0.80938642,16,L1
blue,incong,green,0,0.431392112,16,L1
green,incong,red,1,0.948118467,16,L1
green,cong,green,1,0.745448519,16,L1
blue,incong,red,1,1.006098734,16,L1
red,incong,green,1,0.992941581,16,L1
red,incong,blue,1,0.430299146,16,L1
red,cong,red,1,0.706336592,16,L1
red,cong,red,1,0.638663302,16,L1
green,incong,blue,1,0.741366808,16,L1
blue,cong,blue,1,0.598872331,16,L1
red,incong,green,1,0.584044558,16,L1
red,cong,red,1,0.566868107,16,L1
green,incong,red,1,0.83195577,16,L1
red,incong,blue,1,0.612972603,16,L1
green,incong,blue,1,0.389851648,16,L1
blue,incong,red,1,0.742034604,16,L1
red,cong,red,0,0.425072836,16,L1
green,cong,green,1,0.665898686,16,L1
blue,incong,green,1,0.870492045,16,L1
green,cong,green,1,0.983841892,16,L1
blue,cong,blue,1,0.633096257,16,L1
blue,cong,blue,1,0.777007613,16,L1
red,incong,green,0,0.826568931,17,L1
red,incong,blue,1,0.867114937,17,L1
red,cong,red,1,1.191474973,17,L1
green,cong,green,1,1.069659536,17,L1
green,incong,blue,1,1.136026736,17,L1
blue,incong,red,1,0.8193353,17,L1
blue,cong,blue,1,1.393572507,17,L1
red,cong,red,1,0.785727768,17,L1
blue,incong,green,1,1.264004617,17,L1
green,cong,green,1,1.070355207,17,L1
green,incong,red,1,0.762516181,17,L1
blue,cong,blue,1,1.419306101,17,L1
blue,incong,green,1,1.235892332,17,L1
red,cong,red,1,1.077777798,17,L1
red,incong,green,0,1.40762127,17,L1
red,cong,red,1,1.032519176,17,L1
blue,cong,blue,1,1.190827476,17,L1
red,incong,blue,1,1.305962434,17,L1
blue,incong,red,1,1.024179104,17,L1
blue,cong,blue,1,1.04939561,17,L1
green,cong,green,1,0.666746183,17,L1
green,incong,blue,1,2.156148308,17,L1
green,incong,red,1,1.131898285,17,L1
green,cong,green,1,1.223239131,17,L1
red,cong,red,1,1.209413709,17,L1
green,cong,green,1,1.299807642,17,L1
red,incong,green,1,5.109502166,17,L1
red,incong,blue,1,0.977309917,17,L1
blue,incong,red,1,0.796485362,17,L1
green,cong,green,1,1.248032813,17,L1
green,incong,blue,1,1.158239082,17,L1
blue,cong,blue,1,1.00100554,17,L1
green,incong,red,1,1.253527375,17,L1
blue,cong,blue,1,1.218021408,17,L1
red,cong,red,1,1.303390215,17,L1
blue,incong,green,1,5.180309923,17,L1
red,cong,red,1,0.884530791,17,L1
green,cong,green,1,0.609327903,17,L1
blue,cong,blue,1,0.842442998,17,L1
green,incong,red,1,1.416213078,17,L1
red,incong,green,1,1.09885557,17,L1
red,cong,red,1,1.021529267,17,L1
blue,incong,green,1,0.862414563,17,L1
red,incong,blue,1,0.68036364,17,L1
blue,incong,red,1,0.649003784,17,L1
green,cong,green,1,0.833183963,17,L1
green,incong,blue,1,1.004862471,17,L1
blue,cong,blue,1,0.795479777,17,L1
blue,cong,blue,1,0.484774115,17,L1
green,cong,green,1,0.74771312,17,L1
red,cong,red,1,0.545993757,17,L1
green,cong,green,1,0.932831697,17,L1
red,incong,green,1,0.470422051,17,L1
red,cong,red,1,0.975915427,17,L1
green,incong,blue,1,1.137159459,17,L1
blue,cong,blue,1,0.77264476,17,L1
green,incong,red,1,0.865092834,17,L1
blue,incong,red,1,0.719893062,17,L1
red,incong,blue,1,0.597145443,17,L1
blue,incong,green,1,0.989724323,17,L1
green,incong,red,1,0.856942193,18,L1
green,cong,green,1,0.633423696,18,L1
green,incong,blue,1,0.549337659,18,L1
red,cong,red,1,0.656730707,18,L1
blue,cong,blue,1,0.730324077,18,L1
red,incong,blue,1,0.488141927,18,L1
blue,cong,blue,1,0.607581779,18,L1
green,cong,green,1,0.827803397,18,L1
red,incong,green,1,0.51793549,18,L1
red,cong,red,1,0.558952255,18,L1
blue,incong,red,1,0.516144287,18,L1
blue,incong,green,1,0.69159054,18,L1
green,incong,blue,1,0.430354123,18,L1
red,cong,red,1,1.130818887,18,L1
blue,cong,blue,1,0.704840749,18,L1
red,incong,green,1,0.817335499,18,L1
blue,incong,red,1,0.774423193,18,L1
red,cong,red,1,0.670147024,18,L1
red,incong,blue,1,0.797663827,18,L1
green,incong,red,1,0.82149713,18,L1
green,cong,green,1,1.024759161,18,L1
blue,incong,green,1,0.579832432,18,L1
green,cong,green,1,0.491005027,18,L1
blue,cong,blue,1,0.558966567,18,L1
blue,cong,blue,1,0.55841998,18,L1
green,incong,red,1,0.531462878,18,L1
red,incong,green,1,0.64962026,18,L1
red,cong,red,1,0.56787426,18,L1
blue,incong,green,1,0.886925863,18,L1
red,cong,red,1,0.70989367,18,L1
green,cong,green,1,0.772026364,18,L1
red,incong,blue,1,0.444844833,18,L1
blue,cong,blue,1,1.198445704,18,L1
blue,incong,red,1,0.894550818,18,L1
green,cong,green,1,0.900634045,18,L1
green,incong,blue,1,1.350805662,18,L1
red,incong,blue,1,0.683777329,18,L1
red,incong,green,1,0.920171722,18,L1
green,incong,blue,1,1.228467921,18,L1
green,cong,green,0,0.583468357,18,L1
blue,cong,blue,1,1.57914517,18,L1
blue,incong,red,1,0.713049743,18,L1
red,cong,red,0,1.331795403,18,L1
green,incong,red,1,0.597210532,18,L1
red,cong,red,1,0.497990707,18,L1
green,cong,green,1,0.765954075,18,L1
blue,incong,green,1,0.790445724,18,L1
blue,cong,blue,1,0.77536451,18,L1
red,cong,red,1,0.784865118,18,L1
green,cong,green,1,0.666098027,18,L1
blue,incong,red,1,0.588230152,18,L1
blue,incong,green,1,1.227354927,18,L1
red,cong,red,1,0.840241382,18,L1
blue,cong,blue,1,0.654244416,18,L1
red,incong,green,1,1.101098371,18,L1
blue,cong,blue,1,0.790970148,18,L1
green,cong,green,1,0.810112695,18,L1
red,incong,blue,1,0.864515505,18,L1
green,incong,red,1,0.65408524,18,L1
green,incong,blue,1,1.30887119,18,L1
green,cong,green,1,2.014338155,19,L1
green,incong,red,1,1.746149805,19,L1
blue,cong,blue,1,1.980714232,19,L1
red,incong,blue,1,1.601203801,19,L1
red,cong,red,1,1.11524029,19,L1
blue,incong,red,1,1.399178721,19,L1
blue,cong,blue,1,1.508420998,19,L1
red,cong,red,1,1.093532978,19,L1
green,incong,blue,1,1.348607845,19,L1
green,cong,green,1,1.588671166,19,L1
red,incong,green,1,1.36480924,19,L1
blue,incong,green,1,1.551201029,19,L1
blue,cong,blue,1,1.924345227,19,L1
red,cong,red,1,1.415336612,19,L1
green,cong,green,1,0.774576455,19,L1
red,incong,green,1,0.797435827,19,L1
green,cong,green,1,0.94443459,19,L1
blue,incong,green,1,1.282760195,19,L1
red,cong,red,1,1.025392824,19,L1
blue,cong,blue,1,0.884769965,19,L1
green,incong,red,1,1.564462426,19,L1
blue,incong,red,1,0.885159256,19,L1
red,incong,blue,1,1.535449992,19,L1
green,incong,blue,1,0.949382701,19,L1
green,incong,red,1,1.363221552,19,L1
green,incong,blue,1,1.848883797,19,L1
red,cong,red,1,1.010418726,19,L1
red,incong,blue,1,0.974145743,19,L1
red,incong,green,1,0.869073904,19,L1
blue,incong,green,1,0.936224136,19,L1
green,cong,green,1,1.025035528,19,L1
blue,cong,blue,1,0.73117376,19,L1
blue,incong,red,1,0.940817129,19,L1
blue,cong,blue,1,1.5207711,19,L1
green,cong,green,1,1.111904117,19,L1
red,cong,red,1,1.590433685,19,L1
red,incong,blue,1,1.266404991,19,L1
green,cong,green,1,1.00738821,19,L1
blue,cong,blue,1,1.34509438,19,L1
green,cong,green,1,1.662257417,19,L1
blue,incong,green,1,1.222149249,19,L1
red,cong,red,1,1.950389801,19,L1
green,incong,red,1,1.38384744,19,L1
green,incong,blue,1,1.483360473,19,L1
blue,incong,red,1,2.039629431,19,L1
red,cong,red,1,1.347147683,19,L1
blue,cong,blue,1,1.304210326,19,L1
red,incong,green,1,1.529046072,19,L1
green,incong,red,1,2.301401025,19,L1
blue,incong,green,1,2.393484002,19,L1
blue,cong,blue,1,0.853952649,19,L1
red,incong,blue,1,1.058934261,19,L1
blue,incong,red,1,1.465897308,19,L1
green,cong,green,1,1.251607607,19,L1
red,cong,red,1,1.173798645,19,L1
green,incong,blue,1,1.248148741,19,L1
red,incong,green,1,1.287351497,19,L1
green,cong,green,1,1.025060366,19,L1
blue,cong,blue,1,1.199716342,19,L1
red,cong,red,1,1.084080454,19,L1
blue,incong,red,1,2.024174252,20,L1
red,cong,red,1,0.546839904,20,L1
green,cong,green,1,1.507034956,20,L1
blue,cong,blue,1,1.579651136,20,L1
green,cong,green,1,1.223028566,20,L1
red,incong,green,1,0.781031353,20,L1
blue,cong,blue,1,1.027378058,20,L1
green,incong,blue,1,1.99536791,20,L1
red,incong,blue,1,1.845875122,20,L1
green,incong,red,1,1.058489339,20,L1
blue,incong,green,1,1.219080393,20,L1
red,cong,red,1,1.14065343,20,L1
green,incong,blue,1,1.981724299,20,L1
red,cong,red,1,1.230995361,20,L1
blue,incong,green,0,1.080312374,20,L1
green,incong,red,1,1.312596652,20,L1
blue,cong,blue,1,0.917358282,20,L1
blue,incong,red,1,1.46351588,20,L1
blue,cong,blue,1,2.249352281,20,L1
red,cong,red,1,1.026254206,20,L1
red,incong,blue,1,1.17940791,20,L1
green,cong,green,1,0.676638323,20,L1
red,incong,green,1,0.946479081,20,L1
green,cong,green,1,0.682263636,20,L1
green,incong,blue,1,0.771346627,20,L1
blue,incong,red,1,1.265320779,20,L1
blue,cong,blue,1,1.137970739,20,L1
green,cong,green,1,0.76120294,20,L1
red,incong,green,1,0.94723036,20,L1
green,incong,red,1,1.133935138,20,L1
blue,incong,green,1,0.966985308,20,L1
red,cong,red,1,1.03023624,20,L1
green,cong,green,1,1.176268096,20,L1
blue,cong,blue,1,0.93325939,20,L1
red,cong,red,1,0.888629894,20,L1
red,incong,blue,1,1.354948902,20,L1
blue,incong,red,1,1.836862862,20,L1
red,incong,blue,1,1.422718569,20,L1
green,incong,red,0,1.074809941,20,L1
green,cong,green,1,1.053453589,20,L1
red,incong,green,1,0.876110727,20,L1
green,cong,green,1,0.406922799,20,L1
blue,cong,blue,1,1.483320951,20,L1
blue,incong,green,1,0.875575433,20,L1
red,cong,red,1,0.915741278,20,L1
blue,cong,blue,1,0.783558993,20,L1
red,cong,red,1,1.001810649,20,L1
green,incong,blue,0,1.787704166,20,L1
blue,cong,blue,1,0.889915522,20,L1
red,cong,red,1,0.820473574,20,L1
green,cong,green,1,0.887444358,20,L1
green,incong,blue,1,1.000622387,20,L1
blue,incong,green,1,1.481687913,20,L1
red,incong,blue,1,1.163265391,20,L1
red,incong,green,1,1.072197751,20,L1
green,incong,red,1,0.657484676,20,L1
blue,incong,red,1,1.620521754,20,L1
green,cong,green,1,1.431494556,20,L1
blue,cong,blue,1,0.770072244,20,L1
red,cong,red,1,0.698219993,20,L1
blue,cong,blue,0,1.312064256,21,L2
blue,incong,green,1,1.323651523,21,L2
green,cong,green,1,0.928627888,21,L2
red,cong,red,1,0.552592281,21,L2
red,incong,green,1,0.684061117,21,L2
red,cong,red,1,0.830844201,21,L2
red,incong,blue,1,1.334667916,21,L2
green,cong,green,1,1.470308209,21,L2
blue,incong,red,1,5.665561872,21,L2
blue,cong,blue,1,1.121879803,21,L2
green,incong,blue,1,1.54094068,21,L2
green,incong,red,1,0.925656858,21,L2
green,incong,blue,1,1.607443407,21,L2
blue,incong,green,1,0.604920322,21,L2
green,cong,green,1,1.101100542,21,L2
blue,incong,red,1,1.332528853,21,L2
red,cong,red,1,0.449977881,21,L2
blue,cong,blue,1,0.823470996,21,L2
red,incong,green,1,0.98795152,21,L2
red,cong,red,1,0.703552614,21,L2
blue,cong,blue,1,1.179577252,21,L2
red,incong,blue,1,1.754811826,21,L2
green,cong,green,1,0.648723116,21,L2
green,incong,red,1,0.471508219,21,L2
blue,incong,green,1,1.334607848,21,L2
green,incong,blue,1,1.655953091,21,L2
green,incong,red,1,1.117706983,21,L2
blue,cong,blue,1,0.866112254,21,L2
blue,cong,blue,1,1.298125189,21,L2
red,incong,green,1,1.44585751,21,L2
blue,incong,red,1,1.009546392,21,L2
green,cong,green,1,1.893824356,21,L2
green,cong,green,1,0.337190017,21,L2
red,incong,blue,1,1.340664067,21,L2
red,cong,red,1,2.123858665,21,L2
red,cong,red,1,0.46176723,21,L2
red,cong,red,1,0.451270995,21,L2
blue,cong,blue,1,0.977079637,21,L2
red,incong,green,1,0.790837743,21,L2
blue,incong,red,1,0.799344998,21,L2
blue,cong,blue,1,1.860435835,21,L2
red,incong,blue,1,1.530095906,21,L2
green,incong,blue,1,1.257385541,21,L2
red,cong,red,1,1.194815474,21,L2
green,cong,green,1,0.76532093,21,L2
blue,incong,green,1,1.004613635,21,L2
green,cong,green,1,0.722656077,21,L2
green,incong,red,1,0.367470156,21,L2
green,cong,green,1,1.346022294,21,L2
red,cong,red,1,0.42822579,21,L2
blue,cong,blue,1,1.088382349,21,L2
red,incong,blue,1,0.987821642,21,L2
blue,cong,blue,1,0.73777889,21,L2
red,cong,red,1,0.447116745,21,L2
blue,incong,red,1,0.490821079,21,L2
green,incong,red,0,0.375191856,21,L2
red,incong,green,1,1.188556826,21,L2
green,cong,green,1,0.445281509,21,L2
blue,incong,green,1,0.843019838,21,L2
green,incong,blue,1,0.986464348,21,L2
green,incong,red,1,1.31269599,22,L2
red,incong,green,1,0.712226052,22,L2
blue,cong,blue,1,1.03484635,22,L2
red,cong,red,1,0.815721077,22,L2
green,incong,blue,1,0.791075893,22,L2
green,cong,green,0,0.547689846,22,L2
blue,cong,blue,1,0.431356677,22,L2
green,cong,green,1,5.350245394,22,L2
red,incong,blue,1,0.673122517,22,L2
blue,incong,green,1,1.06971188,22,L2
red,cong,red,1,0.946386325,22,L2
blue,incong,red,1,0.421281423,22,L2
red,cong,red,1,2.183884849,22,L2
blue,cong,blue,1,1.044326257,22,L2
green,incong,red,1,1.476996271,22,L2
green,cong,green,1,1.139830273,22,L2
blue,incong,red,1,0.862277524,22,L2
green,cong,green,1,0.447610862,22,L2
green,incong,blue,1,0.41453862,22,L2
blue,cong,blue,1,0.779582761,22,L2
red,incong,green,1,0.765682486,22,L2
blue,incong,green,1,0.643642348,22,L2
red,cong,red,1,0.517274965,22,L2
red,incong,blue,1,0.522227668,22,L2
red,incong,blue,1,1.239185085,22,L2
green,cong,green,1,0.872198967,22,L2
red,cong,red,1,0.818303316,22,L2
blue,cong,blue,1,0.599704034,22,L2
green,cong,green,1,0.909009798,22,L2
blue,incong,red,1,0.992611265,22,L2
blue,cong,blue,1,0.806496904,22,L2
red,incong,green,1,1.430815428,22,L2
green,incong,red,1,1.845278193,22,L2
blue,incong,green,1,1.184959182,22,L2
red,cong,red,1,1.046679592,22,L2
green,incong,blue,1,0.503759734,22,L2
red,cong,red,1,0.968920632,22,L2
red,cong,red,1,0.481577396,22,L2
red,incong,green,1,0.666728593,22,L2
blue,incong,green,1,0.343122792,22,L2
red,incong,blue,1,0.741361357,22,L2
blue,cong,blue,1,0.748659226,22,L2
green,cong,green,1,1.204703706,22,L2
green,incong,red,1,1.484213905,22,L2
blue,incong,red,1,0.900844748,22,L2
green,cong,green,1,0.467331948,22,L2
green,incong,blue,1,1.345402906,22,L2
blue,cong,blue,1,0.84246004,22,L2
blue,cong,blue,1,0.320011718,22,L2
red,incong,green,1,1.122654652,22,L2
red,cong,red,1,1.034108817,22,L2
blue,cong,blue,1,1.156138039,22,L2
green,incong,red,1,1.379271864,22,L2
green,cong,green,1,0.590536966,22,L2
red,cong,red,1,2.110955528,22,L2
red,incong,blue,1,0.932679016,22,L2
blue,incong,red,1,1.267432335,22,L2
green,cong,green,1,2.003911682,22,L2
blue,incong,green,0,0.828516476,22,L2
green,incong,blue,1,0.94499662,22,L2
red,incong,green,1,0.749032761,23,L2
blue,cong,blue,1,0.761354096,23,L2
green,incong,blue,1,0.872703456,23,L2
blue,incong,red,1,0.611427264,23,L2
green,cong,green,1,0.336451052,23,L2
red,cong,red,1,0.837119049,23,L2
red,cong,red,1,0.623322802,23,L2
red,incong,blue,1,0.641436629,23,L2
green,cong,green,1,0.416733172,23,L2
green,incong,red,1,1.036652945,23,L2
blue,cong,blue,1,0.914499492,23,L2
blue,incong,green,1,0.525984335,23,L2
red,cong,red,1,2.233832872,23,L2
blue,cong,blue,1,0.484270211,23,L2
blue,incong,green,1,1.338152083,23,L2
green,incong,blue,1,1.647436763,23,L2
red,incong,blue,1,0.589309792,23,L2
blue,incong,red,1,0.376171308,23,L2
blue,cong,blue,1,0.900421323,23,L2
green,incong,red,1,2.010220911,23,L2
green,cong,green,1,0.691467128,23,L2
red,cong,red,1,1.843901652,23,L2
green,cong,green,1,0.923130354,23,L2
red,incong,green,1,0.929435894,23,L2
green,cong,green,1,0.942685164,23,L2
red,incong,green,1,0.76383213,23,L2
red,cong,red,1,0.632033514,23,L2
blue,cong,blue,1,1.208659371,23,L2
green,incong,blue,1,0.923126294,23,L2
blue,incong,green,1,0.942025019,23,L2
blue,incong,red,1,0.703808317,23,L2
green,incong,red,1,0.34534763,23,L2
blue,cong,blue,1,1.123109154,23,L2
green,cong,green,1,1.226592534,23,L2
red,cong,red,1,0.683229653,23,L2
red,incong,blue,1,0.937700233,23,L2
blue,incong,green,1,1.145367612,23,L2
blue,cong,blue,1,0.572705172,23,L2
green,incong,red,1,1.148426579,23,L2
red,incong,green,1,0.790531232,23,L2
green,cong,green,1,1.170594453,23,L2
blue,incong,red,1,0.870038897,23,L2
red,incong,blue,1,0.624193205,23,L2
green,incong,blue,1,0.371707089,23,L2
blue,cong,blue,1,0.5359971,23,L2
red,cong,red,1,2.133582364,23,L2
green,cong,green,1,1.031771106,23,L2
red,cong,red,1,0.413456593,23,L2
blue,cong,blue,1,0.772258239,23,L2
green,cong,green,1,0.747467207,23,L2
blue,incong,red,1,0.745726695,23,L2
red,cong,red,1,1.322625806,23,L2
green,cong,green,1,1.203342806,23,L2
green,incong,red,0,1.138590273,23,L2
blue,cong,blue,1,1.445932059,23,L2
green,incong,blue,0,0.798512715,23,L2
blue,incong,green,1,0.716933136,23,L2
red,incong,blue,1,1.739874787,23,L2
red,incong,green,1,1.822909525,23,L2
red,cong,red,1,1.409262909,23,L2
red,incong,green,0,0.743922372,24,L2
green,incong,blue,1,1.602633518,24,L2
green,cong,green,1,1.19517338,24,L2
blue,incong,red,1,0.615077247,24,L2
blue,incong,green,0,1.211409895,24,L2
blue,cong,blue,1,0.81824737,24,L2
red,cong,red,1,0.767455936,24,L2
green,cong,green,1,1.135362304,24,L2
blue,cong,blue,1,0.443818631,24,L2
green,incong,red,1,1.342366475,24,L2
red,cong,red,1,0.80858885,24,L2
red,incong,blue,1,0.663487393,24,L2
red,cong,red,1,0.665458687,24,L2
blue,incong,red,1,0.743347175,24,L2
green,cong,green,1,0.48398676,24,L2
red,incong,green,1,1.704473235,24,L2
blue,cong,blue,1,1.168122887,24,L2
blue,incong,green,1,1.028751578,24,L2
red,incong,blue,1,0.718936197,24,L2
green,cong,green,1,1.02529301,24,L2
green,incong,red,1,1.657840611,24,L2
green,incong,blue,1,1.504780449,24,L2
red,cong,red,1,1.459165519,24,L2
blue,cong,blue,1,1.050688258,24,L2
blue,incong,green,1,1.151401878,24,L2
blue,cong,blue,1,0.93327216,24,L2
green,incong,blue,1,2.138427137,24,L2
blue,incong,red,1,0.681035964,24,L2
green,cong,green,1,1.20002556,24,L2
red,incong,green,1,1.390796036,24,L2
green,cong,green,1,0.825779889,24,L2
red,cong,red,1,2.011210992,24,L2
red,cong,red,1,1.310491456,24,L2
blue,cong,blue,1,0.89325468,24,L2
red,incong,blue,1,1.641140312,24,L2
green,incong,red,1,0.617586808,24,L2
green,cong,green,1,0.626315236,24,L2
green,incong,blue,1,0.555010498,24,L2
red,incong,green,1,0.816505116,24,L2
red,cong,red,1,0.45072432,24,L2
blue,cong,blue,1,0.935252646,24,L2
blue,incong,green,1,1.300162819,24,L2
red,incong,blue,1,1.558586241,24,L2
green,cong,green,1,1.226565634,24,L2
blue,incong,red,1,0.808523291,24,L2
green,incong,red,1,0.849563279,24,L2
red,cong,red,1,0.551044482,24,L2
blue,cong,blue,1,1.477433788,24,L2
blue,incong,red,1,1.083110533,24,L2
red,cong,red,1,0.590607269,24,L2
red,cong,red,1,0.733500171,24,L2
blue,cong,blue,1,0.832093442,24,L2
green,incong,blue,1,0.84247832,24,L2
green,incong,red,1,1.141225937,24,L2
red,incong,green,1,0.471946366,24,L2
red,incong,blue,1,1.237239849,24,L2
blue,incong,green,1,1.41602564,24,L2
green,cong,green,0,0.961246886,24,L2
blue,cong,blue,0,1.458628616,24,L2
green,cong,green,1,1.187281447,24,L2
blue,cong,blue,1,1.855835484,25,L2
green,incong,red,1,1.722989731,25,L2
red,incong,green,1,1.694146128,25,L2
red,cong,red,1,1.387716951,25,L2
blue,cong,blue,1,0.93751965,25,L2
green,cong,green,1,0.643252801,25,L2
green,incong,blue,1,1.347311505,25,L2
blue,incong,green,1,1.64138545,25,L2
green,cong,green,1,0.619062047,25,L2
red,cong,red,1,1.224517704,25,L2
red,incong,blue,1,0.768293384,25,L2
blue,incong,red,1,1.484355592,25,L2
green,incong,red,1,1.469449537,25,L2
red,cong,red,1,1.04992772,25,L2
red,cong,red,1,1.134968238,25,L2
blue,incong,green,1,1.807175471,25,L2
green,cong,green,1,0.623580977,25,L2
blue,cong,blue,1,0.420425727,25,L2
blue,cong,blue,1,0.504403501,25,L2
green,incong,blue,1,0.883954239,25,L2
red,incong,blue,1,1.716483263,25,L2
green,cong,green,1,0.494600466,25,L2
red,incong,green,1,0.94993235,25,L2
blue,incong,red,1,0.922910951,25,L2
red,cong,red,1,0.7963704,25,L2
blue,incong,green,1,1.368744455,25,L2
red,incong,green,1,1.08295031,25,L2
red,cong,red,1,1.059026384,25,L2
blue,incong,red,1,1.356148586,25,L2
blue,cong,blue,1,1.378484437,25,L2
green,cong,green,1,1.752953064,25,L2
red,incong,blue,1,0.962860363,25,L2
green,incong,blue,1,0.557389397,25,L2
blue,cong,blue,1,0.810188748,25,L2
green,incong,red,1,0.738999811,25,L2
green,cong,green,1,1.202944516,25,L2
green,incong,red,0,1.043338993,25,L2
red,incong,blue,1,1.101023999,25,L2
blue,incong,green,1,1.460636967,25,L2
red,cong,red,1,1.52076771,25,L2
blue,cong,blue,1,1.07901597,25,L2
green,incong,blue,1,0.964579543,25,L2
green,cong,green,1,0.60156484,25,L2
blue,incong,red,1,1.534407218,25,L2
green,cong,green,1,1.238328085,25,L2
red,incong,green,1,1.038093264,25,L2
red,cong,red,1,1.776868351,25,L2
blue,cong,blue,1,1.479317398,25,L2
blue,cong,blue,1,0.649540211,25,L2
red,cong,red,1,0.572458924,25,L2
red,cong,red,1,0.735200725,25,L2
green,incong,red,1,0.725720958,25,L2
blue,incong,red,1,1.036105036,25,L2
green,cong,green,1,0.809073885,25,L2
red,incong,blue,1,1.358950529,25,L2
blue,cong,blue,1,0.447463285,25,L2
blue,incong,green,1,0.785199935,25,L2
green,incong,blue,1,1.122417309,25,L2
red,incong,green,1,1.097968045,25,L2
green,cong,green,1,0.784965936,25,L2
blue,incong,green,1,1.376121564,26,L2
red,cong,red,1,0.98043908,26,L2
green,incong,red,0,0.535903581,26,L2
red,incong,blue,1,0.715672043,26,L2
red,cong,red,1,0.966451057,26,L2
red,incong,green,1,0.61394745,26,L2
blue,cong,blue,1,0.959494638,26,L2
blue,incong,red,1,1.557926017,26,L2
green,cong,green,1,0.564570726,26,L2
green,incong,blue,1,0.729267696,26,L2
green,cong,green,1,0.85079231,26,L2
blue,cong,blue,1,0.403758491,26,L2
green,cong,green,1,0.518138402,26,L2
blue,incong,red,1,0.75262451,26,L2
red,cong,red,1,0.458099179,26,L2
blue,cong,blue,1,0.503629075,26,L2
green,cong,green,1,0.334666145,26,L2
red,incong,green,1,0.886636013,26,L2
blue,cong,blue,1,0.607294434,26,L2
blue,incong,green,1,0.424684147,26,L2
red,cong,red,1,5.257904904,26,L2
green,incong,blue,1,0.711248636,26,L2
red,incong,blue,1,1.449061917,26,L2
green,incong,red,1,0.629842102,26,L2
green,cong,green,1,0.936689431,26,L2
red,cong,red,1,1.317477179,26,L2
red,incong,blue,1,5.959501992,26,L2
green,cong,green,1,0.724428195,26,L2
blue,cong,blue,1,0.82423018,26,L2
green,incong,red,1,1.872090078,26,L2
red,incong,green,1,0.961086671,26,L2
blue,cong,blue,1,0.510304037,26,L2
blue,incong,red,1,0.922610945,26,L2
red,cong,red,1,0.805673308,26,L2
blue,incong,green,1,0.357495371,26,L2
green,incong,blue,1,0.649572632,26,L2
blue,cong,blue,1,1.069397502,26,L2
green,cong,green,1,0.614944646,26,L2
blue,incong,green,0,0.518974214,26,L2
green,incong,red,1,0.825526614,26,L2
green,cong,green,1,0.467644508,26,L2
blue,incong,red,1,0.812278049,26,L2
red,incong,green,1,1.139868563,26,L2
red,incong,blue,1,0.866213977,26,L2
red,cong,red,1,1.382371924,26,L2
red,cong,red,1,0.594067469,26,L2
green,incong,blue,1,0.676154291,26,L2
blue,cong,blue,1,0.488080719,26,L2
red,incong,green,1,1.066714492,26,L2
red,cong,red,1,0.445074491,26,L2
green,incong,red,1,1.02534578,26,L2
red,incong,blue,1,0.871629974,26,L2
green,incong,blue,1,1.271331085,26,L2
blue,incong,red,1,0.50796586,26,L2
red,cong,red,0,0.496353831,26,L2
green,cong,green,1,0.734460721,26,L2
blue,incong,green,1,0.717988963,26,L2
green,cong,green,1,0.825609457,26,L2
blue,cong,blue,1,0.326502258,26,L2
blue,cong,blue,1,0.50581176,26,L2
red,incong,green,0,0.864764273,27,L2
red,incong,blue,1,1.277337748,27,L2
red,cong,red,1,1.346912914,27,L2
green,cong,green,1,1.383417927,27,L2
green,incong,blue,1,0.682837451,27,L2
blue,incong,red,1,0.9991337,27,L2
blue,cong,blue,1,1.596870663,27,L2
red,cong,red,1,1.211178147,27,L2
blue,incong,green,1,1.081612817,27,L2
green,cong,green,1,0.985625242,27,L2
green,incong,red,1,0.99070984,27,L2
blue,cong,blue,1,1.371369767,27,L2
blue,incong,green,1,0.981485984,27,L2
red,cong,red,1,1.478154313,27,L2
red,incong,green,0,1.002247531,27,L2
red,cong,red,1,0.725771581,27,L2
blue,cong,blue,1,1.612011615,27,L2
red,incong,blue,1,1.077142724,27,L2
blue,incong,red,1,0.988834562,27,L2
blue,cong,blue,1,1.071918616,27,L2
green,cong,green,1,0.353129939,27,L2
green,incong,blue,1,0.518956308,27,L2
green,incong,red,1,1.116630998,27,L2
green,cong,green,1,1.158862653,27,L2
red,cong,red,1,1.321361632,27,L2
green,cong,green,1,0.927268932,27,L2
red,incong,green,1,1.06935385,27,L2
red,incong,blue,1,0.811145215,27,L2
blue,incong,red,1,1.432309247,27,L2
green,cong,green,1,0.808359052,27,L2
green,incong,blue,1,1.202938784,27,L2
blue,cong,blue,1,1.243930545,27,L2
green,incong,red,1,1.257740088,27,L2
blue,cong,blue,1,1.595534,27,L2
red,cong,red,1,1.464345756,27,L2
blue,incong,green,1,0.408983724,27,L2
red,cong,red,1,1.226162972,27,L2
green,cong,green,1,0.537345945,27,L2
blue,cong,blue,1,0.744399092,27,L2
green,incong,red,1,1.27636744,27,L2
red,incong,green,1,1.396848211,27,L2
red,cong,red,1,0.965098761,27,L2
blue,incong,green,1,0.935179245,27,L2
red,incong,blue,1,0.792405142,27,L2
blue,incong,red,1,0.409425134,27,L2
green,cong,green,1,0.425069858,27,L2
green,incong,blue,1,0.969508393,27,L2
blue,cong,blue,1,1.236421308,27,L2
blue,cong,blue,1,0.469050782,27,L2
green,cong,green,1,0.736613966,27,L2
red,cong,red,1,1.150014061,27,L2
green,cong,green,1,1.029322729,27,L2
red,incong,green,1,0.610686343,27,L2
red,cong,red,1,0.619764188,27,L2
green,incong,blue,1,1.633573579,27,L2
blue,cong,blue,1,1.629305862,27,L2
green,incong,red,1,1.029074744,27,L2
blue,incong,red,1,0.877858769,27,L2
red,incong,blue,1,1.103375395,27,L2
blue,incong,green,1,0.976125836,27,L2
green,incong,red,1,0.375664145,28,L2
green,cong,green,1,0.549419196,28,L2
green,incong,blue,1,0.941474199,28,L2
red,cong,red,1,0.413577196,28,L2
blue,cong,blue,1,0.365915296,28,L2
red,incong,blue,1,0.774541555,28,L2
blue,cong,blue,1,0.652358085,28,L2
green,cong,green,1,0.38078713,28,L2
red,incong,green,1,1.184070383,28,L2
red,cong,red,1,0.676833554,28,L2
blue,incong,red,1,0.431796396,28,L2
blue,incong,green,1,0.362042096,28,L2
green,incong,blue,1,0.47649719,28,L2
red,cong,red,1,0.473771161,28,L2
blue,cong,blue,1,1.556633144,28,L2
red,incong,green,1,0.778763376,28,L2
blue,incong,red,1,0.7764508,28,L2
red,cong,red,1,0.430375122,28,L2
red,incong,blue,1,0.886988418,28,L2
green,incong,red,1,0.434037282,28,L2
green,cong,green,1,1.233845362,28,L2
blue,incong,green,1,1.092537822,28,L2
green,cong,green,1,1.092040135,28,L2
blue,cong,blue,1,0.816805627,28,L2
blue,cong,blue,1,3.032549545,28,L2
green,incong,red,1,0.485245092,28,L2
red,incong,green,1,0.577454746,28,L2
red,cong,red,1,0.619106386,28,L2
blue,incong,green,1,1.057116089,28,L2
red,cong,red,1,0.844402684,28,L2
green,cong,green,1,0.789801065,28,L2
red,incong,blue,1,0.947676621,28,L2
blue,cong,blue,1,0.85406364,28,L2
blue,incong,red,1,0.896733178,28,L2
green,cong,green,1,1.071530784,28,L2
green,incong,blue,1,0.630282554,28,L2
red,incong,blue,1,0.843952932,28,L2
red,incong,green,1,1.534105519,28,L2
green,incong,blue,1,0.834501243,28,L2
green,cong,green,0,0.822990103,28,L2
blue,cong,blue,1,1.248936959,28,L2
blue,incong,red,1,0.865044583,28,L2
red,cong,red,0,1.1115287,28,L2
green,incong,red,1,0.347164959,28,L2
red,cong,red,1,0.584059625,28,L2
green,cong,green,1,0.469781077,28,L2
blue,incong,green,1,0.426950021,28,L2
blue,cong,blue,1,0.425233001,28,L2
red,cong,red,1,0.59176856,28,L2
green,cong,green,1,0.440027468,28,L2
blue,incong,red,1,0.974532261,28,L2
blue,incong,green,1,1.035201384,28,L2
red,cong,red,1,0.936674428,28,L2
blue,cong,blue,1,1.411264326,28,L2
red,incong,green,1,0.324715121,28,L2
blue,cong,blue,1,0.82320374,28,L2
green,cong,green,1,0.782284552,28,L2
red,incong,blue,1,0.55717455,28,L2
green,incong,red,1,0.738795499,28,L2
green,incong,blue,1,0.91306154,28,L2
green,cong,green,1,1.618530659,29,L2
green,incong,red,1,1.090428675,29,L2
blue,cong,blue,1,1.470267513,29,L2
red,incong,blue,1,1.647814676,29,L2
red,cong,red,1,1.465196819,29,L2
blue,incong,red,1,1.258912684,29,L2
blue,cong,blue,1,1.549708346,29,L2
red,cong,red,1,1.542165439,29,L2
green,incong,blue,1,1.114836172,29,L2
green,cong,green,1,1.192519122,29,L2
red,incong,green,1,1.247483416,29,L2
blue,incong,green,1,1.412981846,29,L2
blue,cong,blue,1,1.538798588,29,L2
red,cong,red,1,1.282581307,29,L2
green,cong,green,1,0.714553728,29,L2
red,incong,green,1,0.848082859,29,L2
green,cong,green,1,0.875970895,29,L2
blue,incong,green,1,0.767142757,29,L2
red,cong,red,1,1.083547947,29,L2
blue,cong,blue,1,0.510217299,29,L2
green,incong,red,1,0.884048841,29,L2
blue,incong,red,1,1.439362979,29,L2
red,incong,blue,1,1.672272387,29,L2
green,incong,blue,1,0.559533573,29,L2
green,incong,red,1,1.072216423,29,L2
green,incong,blue,1,1.776870103,29,L2
red,cong,red,1,0.761811461,29,L2
red,incong,blue,1,1.516669798,29,L2
red,incong,green,1,0.592733167,29,L2
blue,incong,green,1,1.382731249,29,L2
green,cong,green,1,0.603909587,29,L2
blue,cong,blue,1,0.567208265,29,L2
blue,incong,red,1,0.530037131,29,L2
blue,cong,blue,1,1.217124355,29,L2
green,cong,green,1,0.851090821,29,L2
red,cong,red,1,2.099167442,29,L2
red,incong,blue,1,1.17126626,29,L2
green,cong,green,1,0.685976217,29,L2
blue,cong,blue,1,1.446498794,29,L2
green,cong,green,1,1.692029602,29,L2
blue,incong,green,1,1.497122757,29,L2
red,cong,red,1,1.961133644,29,L2
green,incong,red,1,1.530156848,29,L2
green,incong,blue,1,1.422838472,29,L2
blue,incong,red,1,1.963876443,29,L2
red,cong,red,1,1.371016051,29,L2
blue,cong,blue,1,1.082354187,29,L2
red,incong,green,1,1.257644533,29,L2
green,incong,red,1,0.789675338,29,L2
blue,incong,green,1,2.291016089,29,L2
blue,cong,blue,1,0.500283712,29,L2
red,incong,blue,1,0.839556764,29,L2
blue,incong,red,1,0.752220506,29,L2
green,cong,green,1,1.811004736,29,L2
red,cong,red,1,0.938141456,29,L2
green,incong,blue,1,1.112864468,29,L2
red,incong,green,1,1.305054177,29,L2
green,cong,green,1,0.540940879,29,L2
blue,cong,blue,1,1.000471576,29,L2
red,cong,red,1,1.757140598,29,L2
blue,incong,red,1,1.470988515,30,L2
red,cong,red,1,1.954416697,30,L2
green,cong,green,1,1.576886509,30,L2
blue,cong,blue,1,1.097758241,30,L2
green,cong,green,1,1.270344087,30,L2
red,incong,green,1,0.804324495,30,L2
blue,cong,blue,1,0.846909704,30,L2
green,incong,blue,1,2.103162207,30,L2
red,incong,blue,1,1.537216942,30,L2
green,incong,red,1,1.301386345,30,L2
blue,incong,green,1,0.664221608,30,L2
red,cong,red,1,0.9052832,30,L2
green,incong,blue,1,1.928586954,30,L2
red,cong,red,1,1.55377194,30,L2
blue,incong,green,0,1.065836092,30,L2
green,incong,red,1,0.887332595,30,L2
blue,cong,blue,1,0.694780483,30,L2
blue,incong,red,1,1.130028264,30,L2
blue,cong,blue,1,2.189171742,30,L2
red,cong,red,1,0.740567852,30,L2
red,incong,blue,1,1.162820743,30,L2
green,cong,green,1,0.870337049,30,L2
red,incong,green,1,1.279719234,30,L2
green,cong,green,1,0.348417254,30,L2
green,incong,blue,1,0.508670023,30,L2
blue,incong,red,1,1.5624275,30,L2
blue,cong,blue,1,1.21581265,30,L2
green,cong,green,1,1.136227914,30,L2
red,incong,green,1,0.763602728,30,L2
green,incong,red,1,1.16725187,30,L2
blue,incong,green,1,1.50080314,30,L2
red,cong,red,1,1.855156891,30,L2
green,cong,green,1,1.044396167,30,L2
blue,cong,blue,1,0.700397865,30,L2
red,cong,red,1,0.957821353,30,L2
red,incong,blue,1,1.317207609,30,L2
blue,incong,red,1,1.84540398,30,L2
red,incong,blue,1,1.931855104,30,L2
green,incong,red,0,1.011959646,30,L2
green,cong,green,1,0.693312708,30,L2
red,incong,green,1,0.753966695,30,L2
green,cong,green,1,0.66827873,30,L2
blue,cong,blue,1,1.332927537,30,L2
blue,incong,green,1,1.667347426,30,L2
red,cong,red,1,0.594464165,30,L2
blue,cong,blue,1,0.990298359,30,L2
red,cong,red,1,1.102970849,30,L2
green,incong,blue,0,1.385065533,30,L2
blue,cong,blue,1,1.076022421,30,L2
red,cong,red,1,2.505796217,30,L2
green,cong,green,1,0.510910384,30,L2
green,incong,blue,1,0.708436567,30,L2
blue,incong,green,1,1.663980051,30,L2
red,incong,blue,1,0.952935259,30,L2
red,incong,green,1,0.660492115,30,L2
green,incong,red,1,0.94115832,30,L2
blue,incong,red,1,1.653834873,30,L2
green,cong,green,1,1.119486141,30,L2
blue,cong,blue,1,0.980684871,30,L2
red,cong,red,1,0.704409484,30,L2
blue,cong,blue,1,1.113244232,31,L2
blue,incong,green,1,2.100713023,31,L2
green,cong,green,1,0.96265823,31,L2
red,cong,red,1,0.361601209,31,L2
red,incong,green,1,1.100087755,31,L2
red,cong,red,1,0.779534602,31,L2
red,incong,blue,1,0.696326636,31,L2
green,cong,green,1,0.58406322,31,L2
blue,incong,red,1,1.336799022,31,L2
blue,cong,blue,1,0.687877612,31,L2
green,incong,blue,1,1.492222441,31,L2
green,incong,red,1,2.031925807,31,L2
green,incong,blue,1,1.296296358,31,L2
blue,incong,green,1,0.893644792,31,L2
green,cong,green,1,0.718129935,31,L2
blue,incong,red,1,1.264138709,31,L2
red,cong,red,1,1.376170612,31,L2
blue,cong,blue,1,0.751770015,31,L2
red,incong,green,1,1.155917897,31,L2
red,cong,red,1,0.988050253,31,L2
blue,cong,blue,1,0.910710863,31,L2
red,incong,blue,1,1.251311507,31,L2
green,cong,green,1,1.215084839,31,L2
green,incong,red,1,1.557424204,31,L2
blue,incong,green,1,0.954561239,31,L2
green,incong,blue,1,0.709820928,31,L2
green,incong,red,1,1.378596151,31,L2
blue,cong,blue,1,0.941320905,31,L2
blue,cong,blue,1,1.358649746,31,L2
red,incong,green,1,1.223752193,31,L2
blue,incong,red,1,1.169394991,31,L2
green,cong,green,1,1.330735719,31,L2
green,cong,green,1,0.693389136,31,L2
red,incong,blue,1,1.167576003,31,L2
red,cong,red,1,1.682965601,31,L2
red,cong,red,1,0.945040058,31,L2
red,cong,red,1,1.129382586,31,L2
blue,cong,blue,1,0.54351916,31,L2
red,incong,green,1,0.808362172,31,L2
blue,incong,red,1,0.405381864,31,L2
blue,cong,blue,1,1.054011393,31,L2
red,incong,blue,1,1.095430004,31,L2
green,incong,blue,1,1.39494891,31,L2
red,cong,red,1,1.440140371,31,L2
green,cong,green,1,1.178784498,31,L2
blue,incong,green,1,0.820364367,31,L2
green,cong,green,1,0.907295268,31,L2
green,incong,red,1,0.834188196,31,L2
green,cong,green,1,0.709506727,31,L2
red,cong,red,1,1.056459788,31,L2
blue,cong,blue,1,1.474712471,31,L2
red,incong,blue,1,0.631058288,31,L2
blue,cong,blue,1,0.400360776,31,L2
red,cong,red,1,0.685551455,31,L2
blue,incong,red,1,1.510993013,31,L2
green,incong,red,0,0.546402819,31,L2
red,incong,green,1,0.715256959,31,L2
green,cong,green,1,1.297264437,31,L2
blue,incong,green,1,1.269423387,31,L2
green,incong,blue,1,0.854615422,31,L2
green,incong,red,1,0.869823913,32,L2
red,incong,green,1,0.370123771,32,L2
blue,cong,blue,1,0.381956792,32,L2
red,cong,red,1,0.367316445,32,L2
green,incong,blue,1,0.880514462,32,L2
green,cong,green,1,0.872615118,32,L2
blue,cong,blue,1,1.840238553,32,L2
green,cong,green,1,0.801812162,32,L2
red,incong,blue,1,0.30086755,32,L2
blue,incong,green,1,0.399672758,32,L2
red,cong,red,1,0.340523276,32,L2
blue,incong,red,1,0.674654275,32,L2
red,cong,red,1,0.855434064,32,L2
blue,cong,blue,1,0.564118929,32,L2
green,incong,red,1,0.780246645,32,L2
green,cong,green,1,0.338110003,32,L2
blue,incong,red,1,1.103997347,32,L2
green,cong,green,1,0.475186399,32,L2
green,incong,blue,1,0.527333524,32,L2
blue,cong,blue,1,0.781364768,32,L2
red,incong,green,1,1.418828688,32,L2
blue,incong,green,1,0.290413385,32,L2
red,cong,red,1,0.946307575,32,L2
red,incong,blue,1,0.670657721,32,L2
red,incong,blue,1,1.430059908,32,L2
green,cong,green,1,0.356129996,32,L2
red,cong,red,1,0.474211851,32,L2
blue,cong,blue,1,0.886260273,32,L2
green,cong,green,1,0.64963585,32,L2
blue,incong,red,1,0.692092217,32,L2
blue,cong,blue,1,0.57879282,32,L2
red,incong,green,1,0.886054857,32,L2
green,incong,red,1,1.428646005,32,L2
blue,incong,green,1,1.190530305,32,L2
red,cong,red,1,1.1019503,32,L2
green,incong,blue,1,0.782818753,32,L2
red,cong,red,1,1.495237045,32,L2
red,cong,red,1,0.532479859,32,L2
red,incong,green,1,0.585058535,32,L2
blue,incong,green,1,0.415204696,32,L2
red,incong,blue,1,1.237065292,32,L2
blue,cong,blue,1,0.442907798,32,L2
green,cong,green,1,1.069040585,32,L2
green,incong,red,1,1.110784846,32,L2
blue,incong,red,1,0.877497796,32,L2
green,cong,green,1,0.90209615,32,L2
green,incong,blue,1,0.893559608,32,L2
blue,cong,blue,1,1.554579939,32,L2
blue,cong,blue,1,4.044477259,32,L2
red,incong,green,1,0.480690661,32,L2
red,cong,red,1,0.927978014,32,L2
blue,cong,blue,1,0.417220664,32,L2
green,incong,red,1,0.801204007,32,L2
green,cong,green,1,1.115164072,32,L2
red,cong,red,1,0.792115286,32,L2
red,incong,blue,1,1.048724022,32,L2
blue,incong,red,1,0.499278598,32,L2
green,cong,green,1,0.939669823,32,L2
blue,incong,green,0,0.445493648,32,L2
green,incong,blue,1,0.593396343,32,L2
red,incong,green,1,0.654074262,33,L2
blue,cong,blue,1,0.945051642,33,L2
green,incong,blue,1,0.510244968,33,L2
blue,incong,red,1,0.875460604,33,L2
green,cong,green,1,0.687938137,33,L2
red,cong,red,1,0.965122751,33,L2
red,cong,red,1,0.677305788,33,L2
red,incong,blue,1,0.694658404,33,L2
green,cong,green,1,1.328093463,33,L2
green,incong,red,1,0.9547252,33,L2
blue,cong,blue,1,1.013667692,33,L2
blue,incong,green,1,0.392349205,33,L2
red,cong,red,1,0.922635431,33,L2
blue,cong,blue,1,1.234249767,33,L2
blue,incong,green,1,0.68575506,33,L2
green,incong,blue,1,1.850835998,33,L2
red,incong,blue,1,1.372165582,33,L2
blue,incong,red,1,0.369622456,33,L2
blue,cong,blue,1,0.900481255,33,L2
green,incong,red,1,1.945993113,33,L2
green,cong,green,1,1.030148088,33,L2
red,cong,red,1,1.513051004,33,L2
green,cong,green,1,0.40929732,33,L2
red,incong,green,1,0.950495012,33,L2
green,cong,green,1,1.128365652,33,L2
red,incong,green,1,1.068632111,33,L2
red,cong,red,1,0.640795075,33,L2
blue,cong,blue,1,0.425410693,33,L2
green,incong,blue,1,0.815934051,33,L2
blue,incong,green,1,1.103127018,33,L2
blue,incong,red,1,0.696043762,33,L2
green,incong,red,1,0.872936729,33,L2
blue,cong,blue,1,0.732774306,33,L2
green,cong,green,1,0.995613752,33,L2
red,cong,red,1,0.43929198,33,L2
red,incong,blue,1,0.728683945,33,L2
blue,incong,green,1,0.767269556,33,L2
blue,cong,blue,1,1.311250288,33,L2
green,incong,red,1,0.545321807,33,L2
red,incong,green,1,0.887314854,33,L2
green,cong,green,1,1.49419404,33,L2
blue,incong,red,1,0.93767069,33,L2
red,incong,blue,1,0.454163924,33,L2
green,incong,blue,1,1.308722063,33,L2
blue,cong,blue,1,0.45970793,33,L2
red,cong,red,1,1.582538544,33,L2
green,cong,green,1,0.86092364,33,L2
red,cong,red,1,0.414083595,33,L2
blue,cong,blue,1,1.124916583,33,L2
green,cong,green,1,1.659958019,33,L2
blue,incong,red,1,1.080649276,33,L2
red,cong,red,1,0.549527204,33,L2
green,cong,green,1,1.808230638,33,L2
green,incong,red,0,0.72837047,33,L2
blue,cong,blue,1,0.756375633,33,L2
green,incong,blue,0,0.682639331,33,L2
blue,incong,green,1,0.874160862,33,L2
red,incong,blue,1,1.200895443,33,L2
red,incong,green,1,1.366450134,33,L2
red,cong,red,1,1.577956185,33,L2
red,incong,green,0,1.829832954,34,L2
green,incong,blue,1,1.206645401,34,L2
green,cong,green,1,1.212838576,34,L2
blue,incong,red,1,0.648237943,34,L2
blue,incong,green,0,0.973205103,34,L2
blue,cong,blue,1,0.597532931,34,L2
red,cong,red,1,0.822429307,34,L2
green,cong,green,1,1.275162629,34,L2
blue,cong,blue,1,1.322387657,34,L2
green,incong,red,1,0.643403497,34,L2
red,cong,red,1,0.722824475,34,L2
red,incong,blue,1,0.609177208,34,L2
red,cong,red,1,1.734725095,34,L2
blue,incong,red,1,0.519470339,34,L2
green,cong,green,1,0.748760154,34,L2
red,incong,green,1,1.211874737,34,L2
blue,cong,blue,1,1.556650017,34,L2
blue,incong,green,1,1.931245899,34,L2
red,incong,blue,1,0.755232117,34,L2
green,cong,green,1,0.795282658,34,L2
green,incong,red,1,1.696544313,34,L2
green,incong,blue,1,1.003626043,34,L2
red,cong,red,1,0.880650099,34,L2
blue,cong,blue,1,1.653518818,34,L2
blue,incong,green,1,0.755014373,34,L2
blue,cong,blue,1,1.370819264,34,L2
green,incong,blue,1,2.225676363,34,L2
blue,incong,red,1,1.167912492,34,L2
green,cong,green,1,1.097646225,34,L2
red,incong,green,1,1.359398527,34,L2
green,cong,green,1,0.792111811,34,L2
red,cong,red,1,1.684372463,34,L2
red,cong,red,1,0.891796678,34,L2
blue,cong,blue,1,0.632721138,34,L2
red,incong,blue,1,1.800356138,34,L2
green,incong,red,1,1.205821671,34,L2
green,cong,green,1,1.405181913,34,L2
green,incong,blue,1,1.037245178,34,L2
red,incong,green,1,1.229500777,34,L2
red,cong,red,1,0.587456129,34,L2
blue,cong,blue,1,0.532098781,34,L2
blue,incong,green,1,0.458803068,34,L2
red,incong,blue,1,0.72334771,34,L2
green,cong,green,1,0.570305077,34,L2
blue,incong,red,1,0.65841812,34,L2
green,incong,red,1,0.91396081,34,L2
red,cong,red,1,0.959441521,34,L2
blue,cong,blue,1,0.924081865,34,L2
blue,incong,red,1,1.18943621,34,L2
red,cong,red,1,0.625535655,34,L2
red,cong,red,1,0.481833967,34,L2
blue,cong,blue,1,0.754207474,34,L2
green,incong,blue,1,1.038823283,34,L2
green,incong,red,1,0.534615089,34,L2
red,incong,green,1,0.406626659,34,L2
red,incong,blue,1,1.2646824,34,L2
blue,incong,green,1,1.072530172,34,L2
green,cong,green,0,0.822609553,34,L2
blue,cong,blue,0,1.652573341,34,L2
green,cong,green,1,1.525899054,34,L2
blue,cong,blue,1,2.121418128,35,L2
green,incong,red,1,1.246624789,35,L2
red,incong,green,1,1.514347442,35,L2
red,cong,red,1,1.743297652,35,L2
blue,cong,blue,1,0.888237868,35,L2
green,cong,green,1,1.064980685,35,L2
green,incong,blue,1,0.427949218,35,L2
blue,incong,green,1,1.83867587,35,L2
green,cong,green,1,0.520615408,35,L2
red,cong,red,1,1.752464579,35,L2
red,incong,blue,1,1.205109031,35,L2
blue,incong,red,1,1.729638365,35,L2
green,incong,red,1,1.492176757,35,L2
red,cong,red,1,0.687091144,35,L2
red,cong,red,1,0.963068843,35,L2
blue,incong,green,1,1.738685242,35,L2
green,cong,green,1,1.130719457,35,L2
blue,cong,blue,1,0.500597537,35,L2
blue,cong,blue,1,0.576686899,35,L2
green,incong,blue,1,0.887933028,35,L2
red,incong,blue,1,0.503142737,35,L2
green,cong,green,1,0.844450885,35,L2
red,incong,green,1,0.751631293,35,L2
blue,incong,red,1,0.59609568,35,L2
red,cong,red,1,1.425377427,35,L2
blue,incong,green,1,0.644309131,35,L2
red,incong,green,1,0.70168361,35,L2
red,cong,red,1,0.925057265,35,L2
blue,incong,red,1,0.666003276,35,L2
blue,cong,blue,1,1.570351279,35,L2
green,cong,green,1,1.14131104,35,L2
red,incong,blue,1,0.698542816,35,L2
green,incong,blue,0,0.462574621,35,L2
blue,cong,blue,1,1.297088222,35,L2
green,incong,red,1,0.927350654,35,L2
green,cong,green,1,0.840966551,35,L2
green,incong,red,0,0.839942587,35,L2
red,incong,blue,1,1.302637425,35,L2
blue,incong,green,1,1.230739192,35,L2
red,cong,red,1,1.863726656,35,L2
blue,cong,blue,1,1.629074369,35,L2
green,incong,blue,1,1.256594627,35,L2
green,cong,green,1,1.050562326,35,L2
blue,incong,red,0,0.483736397,35,L2
green,cong,green,1,1.729879176,35,L2
red,incong,green,1,1.49110094,35,L2
red,cong,red,1,0.868725883,35,L2
blue,cong,blue,1,1.437687828,35,L2
blue,cong,blue,1,1.273367094,35,L2
red,cong,red,1,1.027318794,35,L2
red,cong,red,1,0.699180237,35,L2
green,incong,red,1,1.373454467,35,L2
blue,incong,red,1,0.320049459,35,L2
green,cong,green,1,0.580006712,35,L2
red,incong,blue,1,1.353660346,35,L2
blue,cong,blue,1,0.431385835,35,L2
blue,incong,green,1,0.649867122,35,L2
green,incong,blue,1,0.736561666,35,L2
red,incong,green,1,1.287584653,35,L2
green,cong,green,1,0.759687063,35,L2
blue,incong,green,1,0.39864486,36,L2
red,cong,red,1,0.322142237,36,L2
green,incong,red,0,0.929703095,36,L2
red,incong,blue,1,1.08505098,36,L2
red,cong,red,1,1.136728423,36,L2
red,incong,green,1,0.924270169,36,L2
blue,cong,blue,1,0.603085058,36,L2
blue,incong,red,1,0.75111569,36,L2
green,cong,green,1,0.67879613,36,L2
green,incong,blue,1,0.442095215,36,L2
green,cong,green,1,1.165452451,36,L2
blue,cong,blue,1,0.786562153,36,L2
green,cong,green,1,0.888254954,36,L2
blue,incong,red,1,0.693933554,36,L2
red,cong,red,1,0.875740435,36,L2
blue,cong,blue,1,0.51663515,36,L2
green,cong,green,1,0.640207155,36,L2
red,incong,green,1,2.052726299,36,L2
blue,cong,blue,1,0.509862622,36,L2
blue,incong,green,1,0.591264288,36,L2
red,cong,red,1,0.348677404,36,L2
green,incong,blue,1,0.781861949,36,L2
red,incong,blue,0,1.986296505,36,L2
green,incong,red,1,0.724152252,36,L2
green,cong,green,1,1.555023646,36,L2
red,cong,red,1,0.750358054,36,L2
red,incong,blue,1,0.753412178,36,L2
green,cong,green,1,0.722902962,36,L2
blue,cong,blue,1,1.024342219,36,L2
green,incong,red,1,0.940491238,36,L2
red,incong,green,1,0.52917434,36,L2
blue,cong,blue,1,0.824880446,36,L2
blue,incong,red,1,0.581004229,36,L2
red,cong,red,1,0.838806108,36,L2
blue,incong,green,1,0.547213512,36,L2
green,incong,blue,1,1.156865855,36,L2
blue,cong,blue,1,0.422631346,36,L2
green,cong,green,1,0.405898826,36,L2
blue,incong,green,0,0.82186034,36,L2
green,incong,red,1,1.225785275,36,L2
green,cong,green,1,1.163629296,36,L2
blue,incong,red,1,1.293440881,36,L2
red,incong,green,1,0.984241704,36,L2
red,incong,blue,1,1.888815201,36,L2
red,cong,red,1,1.704538208,36,L2
red,cong,red,1,0.570308315,36,L2
green,incong,blue,1,1.252253038,36,L2
blue,cong,blue,1,2.276340505,36,L2
red,incong,green,1,0.348932162,36,L2
red,cong,red,1,0.478909567,36,L2
green,incong,red,1,0.954750779,36,L2
red,incong,blue,1,0.836738762,36,L2
green,incong,blue,1,0.3821393,36,L2
blue,incong,red,1,1.250466839,36,L2
red,cong,red,0,0.350435612,36,L2
green,cong,green,1,0.358816885,36,L2
blue,incong,green,1,0.786194095,36,L2
green,cong,green,1,0.464720751,36,L2
blue,cong,blue,1,0.405178582,36,L2
blue,cong,blue,1,1.072423302,36,L2
red,incong,green,0,0.726175459,37,L2
red,incong,blue,1,0.904860838,37,L2
red,cong,red,1,1.092300463,37,L2
green,cong,green,1,0.739698705,37,L2
green,incong,blue,1,0.578544689,37,L2
blue,incong,red,1,0.478012539,37,L2
blue,cong,blue,1,1.00978858,37,L2
red,cong,red,1,1.972952388,37,L2
blue,incong,green,1,1.379804412,37,L2
green,cong,green,1,1.037192808,37,L2
green,incong,red,1,1.800001017,37,L2
blue,cong,blue,1,1.102873592,37,L2
blue,incong,green,1,1.399782777,37,L2
red,cong,red,1,0.867857428,37,L2
red,incong,green,0,1.632069787,37,L2
red,cong,red,1,1.158311651,37,L2
blue,cong,blue,1,1.085790435,37,L2
red,incong,blue,1,1.600374407,37,L2
blue,incong,red,1,1.318596624,37,L2
blue,cong,blue,1,1.520391103,37,L2
green,cong,green,1,0.880103946,37,L2
green,incong,blue,1,1.793117652,37,L2
green,incong,red,1,1.689386498,37,L2
green,cong,green,1,2.159852955,37,L2
red,cong,red,1,0.674055261,37,L2
green,cong,green,1,1.241926329,37,L2
red,incong,green,1,1.048578779,37,L2
red,incong,blue,1,1.833474577,37,L2
blue,incong,red,1,0.818299009,37,L2
green,cong,green,1,1.370344136,37,L2
green,incong,blue,1,1.422906905,37,L2
blue,cong,blue,1,0.438119934,37,L2
green,incong,red,1,1.605705255,37,L2
blue,cong,blue,1,1.198014665,37,L2
red,cong,red,1,1.282705534,37,L2
blue,incong,green,1,2.02178162,37,L2
red,cong,red,1,0.60817447,37,L2
green,cong,green,1,2.191639973,37,L2
blue,cong,blue,1,0.618208339,37,L2
green,incong,red,1,1.894210927,37,L2
red,incong,green,1,1.226011209,37,L2
red,cong,red,1,0.885086955,37,L2
blue,incong,green,1,1.47933519,37,L2
red,incong,blue,1,0.552458706,37,L2
blue,incong,red,1,0.33472848,37,L2
green,cong,green,1,0.742134442,37,L2
green,incong,blue,1,1.265836814,37,L2
blue,cong,blue,1,1.730364455,37,L2
blue,cong,blue,1,1.455152771,37,L2
green,cong,green,1,0.342110622,37,L2
red,cong,red,1,0.540580111,37,L2
green,cong,green,1,0.579787715,37,L2
red,incong,green,1,1.00278002,37,L2
red,cong,red,1,1.326984563,37,L2
green,incong,blue,1,1.543251405,37,L2
blue,cong,blue,1,1.606612734,37,L2
green,incong,red,1,1.181689558,37,L2
blue,incong,red,1,0.908139046,37,L2
red,incong,blue,1,1.452436948,37,L2
blue,incong,green,1,0.458609925,37,L2
green,incong,red,1,0.383086486,38,L2
green,cong,green,1,0.400653038,38,L2
green,incong,blue,1,4.62476681,38,L2
red,cong,red,1,1.33027073,38,L2
blue,cong,blue,1,0.435836294,38,L2
red,incong,blue,1,1.157218418,38,L2
blue,cong,blue,1,1.236153543,38,L2
green,cong,green,1,0.336670087,38,L2
red,incong,green,0,0.557825114,38,L2
red,cong,red,1,0.741450924,38,L2
blue,incong,red,1,1.361453796,38,L2
blue,incong,green,0,0.504735345,38,L2
green,incong,blue,1,0.386608803,38,L2
red,cong,red,1,0.598858736,38,L2
blue,cong,blue,1,0.900428345,38,L2
red,incong,green,1,1.064901276,38,L2
blue,incong,red,1,0.402277556,38,L2
red,cong,red,1,1.171884195,38,L2
red,incong,blue,1,0.397620642,38,L2
green,incong,red,1,0.806960946,38,L2
green,cong,green,1,1.106587164,38,L2
blue,incong,green,1,0.896924702,38,L2
green,cong,green,1,0.323737715,38,L2
blue,cong,blue,1,2.202172137,38,L2
blue,cong,blue,1,0.46354621,38,L2
green,incong,red,1,0.714056155,38,L2
red,incong,green,1,0.990050073,38,L2
red,cong,red,1,0.692589729,38,L2
blue,incong,green,1,0.659854669,38,L2
red,cong,red,1,0.981365646,38,L2
green,cong,green,1,0.856063467,38,L2
red,incong,blue,1,0.674232033,38,L2
blue,cong,blue,1,1.174346925,38,L2
blue,incong,red,1,0.819125551,38,L2
green,cong,green,1,1.531716502,38,L2
green,incong,blue,1,1.501951962,38,L2
red,incong,blue,1,3.182745982,38,L2
red,incong,green,1,1.021371181,38,L2
green,incong,blue,1,0.528389602,38,L2
green,cong,green,0,1.046427443,38,L2
blue,cong,blue,1,1.393358204,38,L2
blue,incong,red,1,1.26733154,38,L2
red,cong,red,0,0.965187058,38,L2
green,incong,red,1,1.039386154,38,L2
red,cong,red,1,0.397482154,38,L2
green,cong,green,1,0.64739575,38,L2
blue,incong,green,1,0.682034395,38,L2
blue,cong,blue,1,0.680340908,38,L2
red,cong,red,1,0.715561817,38,L2
green,cong,green,1,0.758845286,38,L2
blue,incong,red,1,0.545136687,38,L2
blue,incong,green,1,1.274615587,38,L2
red,cong,red,1,0.973945947,38,L2
blue,cong,blue,1,0.72842452,38,L2
red,incong,green,1,0.883095419,38,L2
blue,cong,blue,1,0.608493036,38,L2
green,cong,green,1,0.98209989,38,L2
red,incong,blue,1,1.117537922,38,L2
green,incong,red,1,0.643780642,38,L2
green,incong,blue,1,0.902020298,38,L2
green,cong,green,1,2.100659511,39,L2
green,incong,red,1,1.436929765,39,L2
blue,cong,blue,1,1.392667322,39,L2
red,incong,blue,1,1.264110432,39,L2
red,cong,red,1,1.784799707,39,L2
blue,incong,red,1,0.944355946,39,L2
blue,cong,blue,1,1.273853908,39,L2
red,cong,red,1,0.467304294,39,L2
green,incong,blue,1,1.22095649,39,L2
green,cong,green,1,0.436743405,39,L2
red,incong,green,1,1.928412586,39,L2
blue,incong,green,1,1.483896108,39,L2
blue,cong,blue,1,2.188998963,39,L2
red,cong,red,1,1.839543578,39,L2
green,cong,green,1,0.98114041,39,L2
red,incong,green,1,0.755597662,39,L2
green,cong,green,1,1.177045037,39,L2
blue,incong,green,1,1.329064925,39,L2
red,cong,red,1,1.933997133,39,L2
blue,cong,blue,1,0.638637919,39,L2
green,incong,red,1,1.19393173,39,L2
blue,incong,red,1,0.414012903,39,L2
red,incong,blue,1,1.774508174,39,L2
green,incong,blue,1,1.372322253,39,L2
green,incong,red,1,0.598493129,39,L2
green,incong,blue,1,1.728967815,39,L2
red,cong,red,1,1.217124417,39,L2
red,incong,blue,1,0.325533364,39,L2
red,incong,green,1,0.356907062,39,L2
blue,incong,green,1,0.50630469,39,L2
green,cong,green,1,1.171262762,39,L2
blue,cong,blue,1,0.906457875,39,L2
blue,incong,red,1,1.040313801,39,L2
blue,cong,blue,1,1.706717759,39,L2
green,cong,green,1,1.303834281,39,L2
red,cong,red,1,1.209214846,39,L2
red,incong,blue,1,1.123136371,39,L2
green,cong,green,1,1.013976617,39,L2
blue,cong,blue,1,1.389582381,39,L2
green,cong,green,1,1.24501722,39,L2
blue,incong,green,1,0.976425364,39,L2
red,cong,red,1,0.414479578,39,L2
green,incong,red,1,1.673540839,39,L2
green,incong,blue,1,1.743714569,39,L2
blue,incong,red,1,1.933444906,39,L2
red,cong,red,1,1.167328931,39,L2
blue,cong,blue,1,0.968960867,39,L2
red,incong,green,1,1.785771193,39,L2
green,incong,red,1,2.386677422,39,L2
blue,incong,green,1,2.559400119,39,L2
blue,cong,blue,1,0.618300433,39,L2
red,incong,blue,1,1.009405003,39,L2
blue,incong,red,1,1.328086737,39,L2
green,cong,green,1,0.867585653,39,L2
red,cong,red,1,1.318203593,39,L2
green,incong,blue,1,1.247491393,39,L2
red,incong,green,1,1.058040488,39,L2
green,cong,green,1,0.375318709,39,L2
blue,cong,blue,1,1.089001528,39,L2
red,cong,red,1,0.909831254,39,L2
blue,incong,red,1,0.727651425,40,L2
red,cong,red,1,2.248388386,40,L2
green,cong,green,1,1.935689878,40,L2
blue,cong,blue,1,1.76077185,40,L2
green,cong,green,1,0.782800548,40,L2
red,incong,green,1,0.808711359,40,L2
blue,cong,blue,1,1.508664367,40,L2
green,incong,blue,1,0.491506255,40,L2
red,incong,blue,1,1.701128763,40,L2
green,incong,red,1,0.879198695,40,L2
blue,incong,green,1,1.852517313,40,L2
red,cong,red,1,0.94619727,40,L2
green,incong,blue,1,1.708681622,40,L2
red,cong,red,1,1.234011251,40,L2
blue,incong,green,0,6.640799694,40,L2
green,incong,red,1,1.909024134,40,L2
blue,cong,blue,1,0.614634862,40,L2
blue,incong,red,1,1.83325421,40,L2
blue,cong,blue,1,0.746092659,40,L2
red,cong,red,1,1.21321373,40,L2
red,incong,blue,1,1.391071146,40,L2
green,cong,green,1,0.496198711,40,L2
red,incong,green,1,0.48901631,40,L2
green,cong,green,1,0.538834476,40,L2
green,incong,blue,1,0.600112102,40,L2
blue,incong,red,1,0.515848199,40,L2
blue,cong,blue,1,0.496641428,40,L2
green,cong,green,1,0.604936311,40,L2
red,incong,green,1,0.483749839,40,L2
green,incong,red,1,1.307940048,40,L2
blue,incong,green,1,1.068969049,40,L2
red,cong,red,1,0.657901107,40,L2
green,cong,green,1,0.91586114,40,L2
blue,cong,blue,1,0.849025929,40,L2
red,cong,red,1,1.327518863,40,L2
red,incong,blue,1,1.305069869,40,L2
blue,incong,red,1,1.455964091,40,L2
red,incong,blue,1,1.524763142,40,L2
green,incong,red,0,2.221234073,40,L2
green,cong,green,1,0.745206456,40,L2
red,incong,green,1,0.917632116,40,L2
green,cong,green,1,1.129815043,40,L2
blue,cong,blue,1,1.369682388,40,L2
blue,incong,green,1,1.1949173,40,L2
red,cong,red,1,1.198196873,40,L2
blue,cong,blue,1,1.086464762,40,L2
red,cong,red,1,1.161224522,40,L2
green,incong,blue,0,1.976380186,40,L2
blue,cong,blue,1,1.253821298,40,L2
red,cong,red,1,1.266823464,40,L2
green,cong,green,1,1.024932594,40,L2
green,incong,blue,1,0.739795836,40,L2
blue,incong,green,1,1.119129234,40,L2
red,incong,blue,1,1.857353479,40,L2
red,incong,green,1,0.422574075,40,L2
green,incong,red,1,0.885886448,40,L2
blue,incong,red,1,1.101459033,40,L2
green,cong,green,1,1.258748954,40,L2
blue,cong,blue,1,1.550999288,40,L2
red,cong,red,1,0.929503308,40,L2
